{"name":"Game_Over_Event","tabColor":[0.9749999999999999,0.8000000000000002,0.9999999999999999,1],"tabTextColor":null,"uiState":{"viewsUIState":[],"bookmark":false,"eventsUIState":[{"viewsUIState":[],"bookmark":false},{"viewsUIState":[],"bookmark":false},{"viewsUIState":[],"bookmark":false},{"viewsUIState":[],"bookmark":false,"children":[{"viewsUIState":[],"bookmark":false,"children":[]},{"viewsUIState":[],"bookmark":false,"children":[]}]},{"viewsUIState":[],"bookmark":false,"children":[{"viewsUIState":[],"bookmark":false,"children":[]}]}]}}