{
	"name": "Shadow_Event",
	"events": [
		{
			"eventType": "group",
			"disabled": false,
			"title": "Shadow_Settings",
			"description": "",
			"isActiveOnStart": true,
			"children": [
				{
					"eventType": "block",
					"conditions": [
						{
							"id": "on-start-of-layout",
							"objectClass": "System",
							"sid": 9009370808984878
						}
					],
					"actions": [
						{
							"id": "set-layer-opacity",
							"objectClass": "System",
							"sid": 7296116504301889,
							"parameters": {
								"layer": "\"Shadow\"",
								"opacity": "100"
							}
						},
						{
							"id": "set-group-active",
							"objectClass": "System",
							"sid": 6057412444703829,
							"parameters": {
								"group-name": "\"Shadow_Out_Settings\"",
								"state": "activated"
							}
						}
					],
					"sid": 255092508873861
				},
				{
					"eventType": "group",
					"disabled": false,
					"title": "Shadow_In_Settings",
					"description": "",
					"isActiveOnStart": false,
					"children": [
						{
							"eventType": "block",
							"conditions": [
								{
									"id": "compare-layer-opacity",
									"objectClass": "System",
									"sid": 2416516713785767,
									"parameters": {
										"layer": "\"Shadow\"",
										"comparison": 2,
										"opacity": "100"
									}
								}
							],
							"actions": [
								{
									"id": "set-layer-opacity",
									"objectClass": "System",
									"sid": 9385480707374820,
									"parameters": {
										"layer": "\"Shadow\"",
										"opacity": "LayerOpacity(\"Shadow\") + 6"
									}
								}
							],
							"sid": 5517717850216769
						},
						{
							"eventType": "block",
							"conditions": [
								{
									"id": "else",
									"objectClass": "System",
									"sid": 5062456043903732
								}
							],
							"actions": [
								{
									"id": "set-layer-opacity",
									"objectClass": "System",
									"sid": 7315401386436238,
									"parameters": {
										"layer": "\"Shadow\"",
										"opacity": "100"
									}
								},
								{
									"id": "set-group-active",
									"objectClass": "System",
									"sid": 8064753907783966,
									"parameters": {
										"group-name": "\"Shadow_In_Settings\"",
										"state": "deactivated"
									}
								},
								{
									"id": "signal",
									"objectClass": "System",
									"sid": 7954446544518231,
									"parameters": {
										"tag": "\"Shadow_In\""
									}
								}
							],
							"sid": 5949333999324918
						}
					],
					"sid": 841379539008229
				},
				{
					"eventType": "group",
					"disabled": false,
					"title": "Shadow_Out_Settings",
					"description": "",
					"isActiveOnStart": false,
					"children": [
						{
							"eventType": "block",
							"conditions": [
								{
									"id": "compare-layer-opacity",
									"objectClass": "System",
									"sid": 2416516713785767,
									"parameters": {
										"layer": "\"Shadow\"",
										"comparison": 4,
										"opacity": "0"
									}
								}
							],
							"actions": [
								{
									"id": "set-layer-opacity",
									"objectClass": "System",
									"sid": 9385480707374820,
									"parameters": {
										"layer": "\"Shadow\"",
										"opacity": "LayerOpacity(\"Shadow\") - 6"
									}
								}
							],
							"sid": 5517717850216769
						},
						{
							"eventType": "block",
							"conditions": [
								{
									"id": "else",
									"objectClass": "System",
									"sid": 5062456043903732
								}
							],
							"actions": [
								{
									"id": "set-layer-opacity",
									"objectClass": "System",
									"sid": 7315401386436238,
									"parameters": {
										"layer": "\"Shadow\"",
										"opacity": "0"
									}
								},
								{
									"id": "set-group-active",
									"objectClass": "System",
									"sid": 4658098883198379,
									"parameters": {
										"group-name": "\"Shadow_Out_Settings\"",
										"state": "deactivated"
									}
								},
								{
									"id": "signal",
									"objectClass": "System",
									"sid": 7954446544518231,
									"parameters": {
										"tag": "\"Shadow_Out\""
									}
								}
							],
							"sid": 5949333999324918
						}
					],
					"sid": 3930326734184822
				}
			],
			"sid": 9088275516335036
		}
	],
	"sid": 742331421239971
}