{
	"name": "Loading_Event",
	"events": [
		{
			"eventType": "include",
			"includeSheet": "Global_Event"
		},
		{
			"eventType": "include",
			"includeSheet": "Shadow_Event"
		},
		{
			"eventType": "group",
			"disabled": false,
			"title": "Loading_Settings",
			"description": "",
			"isActiveOnStart": true,
			"children": [
				{
					"eventType": "block",
					"conditions": [
						{
							"id": "on-start-of-layout",
							"objectClass": "System",
							"sid": 4940956531340237
						}
					],
					"actions": [
						{
							"id": "preload",
							"objectClass": "Audio",
							"sid": 6076311620281508,
							"parameters": {
								"audio-file": "bonus"
							}
						},
						{
							"id": "preload",
							"objectClass": "Audio",
							"sid": 239425037476669,
							"parameters": {
								"audio-file": "button"
							}
						},
						{
							"id": "preload",
							"objectClass": "Audio",
							"sid": 347463868132006,
							"parameters": {
								"audio-file": "closed"
							}
						},
						{
							"id": "preload",
							"objectClass": "Audio",
							"sid": 580078191867656,
							"parameters": {
								"audio-file": "fall"
							}
						},
						{
							"id": "preload",
							"objectClass": "Audio",
							"sid": 9751462021864048,
							"parameters": {
								"audio-file": "game_music"
							}
						},
						{
							"id": "preload",
							"objectClass": "Audio",
							"sid": 9551415323953040,
							"parameters": {
								"audio-file": "game_over"
							}
						},
						{
							"id": "preload",
							"objectClass": "Audio",
							"sid": 3485529546450226,
							"parameters": {
								"audio-file": "game_won"
							}
						},
						{
							"id": "preload",
							"objectClass": "Audio",
							"sid": 4928083306692321,
							"parameters": {
								"audio-file": "jump"
							}
						},
						{
							"id": "preload",
							"objectClass": "Audio",
							"sid": 740796921816715,
							"parameters": {
								"audio-file": "landing_1"
							}
						},
						{
							"id": "preload",
							"objectClass": "Audio",
							"sid": 231873315549010,
							"parameters": {
								"audio-file": "landing_2"
							}
						},
						{
							"id": "preload",
							"objectClass": "Audio",
							"sid": 227707528472100,
							"parameters": {
								"audio-file": "landing_3"
							}
						},
						{
							"id": "preload",
							"objectClass": "Audio",
							"sid": 506144803574350,
							"parameters": {
								"audio-file": "level"
							}
						},
						{
							"id": "preload",
							"objectClass": "Audio",
							"sid": 655095440526395,
							"parameters": {
								"audio-file": "new_high_score"
							}
						},
						{
							"id": "preload",
							"objectClass": "Audio",
							"sid": 872374321688712,
							"parameters": {
								"audio-file": "tap_to_play"
							}
						},
						{
							"type": "comment",
							"text": "This is to check if CryptoJS loaded properly"
						},
						{
							"type": "script",
							"script": "console.log(\"CryptoJS loaded:\", CryptoJS);"
						}
					],
					"sid": 3558672448702921
				},
				{
					"eventType": "block",
					"conditions": [
						{
							"id": "every-tick",
							"objectClass": "System",
							"sid": 7288955500379076
						}
					],
					"actions": [
						{
							"id": "set-position",
							"objectClass": "Game_Icon",
							"sid": 1199509555822167,
							"parameters": {
								"x": "(ViewportLeft(Self.LayerName) + ViewportRight(Self.LayerName) ) / 2",
								"y": "(ViewportTop(Self.LayerName) + ViewportBottom(Self.LayerName) ) / 2 - 40"
							}
						},
						{
							"id": "set-position-to-another-object",
							"objectClass": "Sun_Rays",
							"sid": 843551720719860,
							"parameters": {
								"object": "Game_Icon",
								"image-point-optional": "0"
							}
						},
						{
							"id": "set-position",
							"objectClass": "Window_Top_Score",
							"sid": 333218446883147,
							"parameters": {
								"x": "(ViewportLeft(Self.LayerName) + ViewportRight(Self.LayerName) ) / 2",
								"y": "(ViewportTop(Self.LayerName) + ViewportBottom(Self.LayerName) ) / 2 + 200"
							}
						},
						{
							"id": "set-position-to-another-object",
							"objectClass": "Loading_Font",
							"sid": 353727453504573,
							"parameters": {
								"object": "Window_Top_Score",
								"image-point-optional": "0"
							}
						},
						{
							"id": "set-angle",
							"objectClass": "Background_Stars",
							"sid": 269952692575238,
							"parameters": {
								"angle": "Self.Angle + 2.5"
							}
						}
					],
					"sid": 5702796331133168
				},
				{
					"eventType": "block",
					"conditions": [
						{
							"id": "every-x-seconds",
							"objectClass": "System",
							"sid": 855894235512319,
							"parameters": {
								"interval-seconds": "random(0.1)"
							}
						}
					],
					"actions": [
						{
							"id": "create-object",
							"objectClass": "System",
							"sid": 234720825258823,
							"parameters": {
								"object-to-create": "Background_Stars",
								"layer": "\"Background\"",
								"x": "random(ViewportLeft(\"Background\"), ViewportRight(\"Background\"))",
								"y": "random(ViewportTop(\"Background\"), ViewportBottom(\"Background\") / 2.5)",
								"create-hierarchy": false,
								"template-name": "\"\""
							}
						},
						{
							"id": "set-animation",
							"objectClass": "Background_Stars",
							"sid": 914752159401022,
							"parameters": {
								"animation": "\"Level_\" & choose(1, 4, 6)",
								"from": "beginning"
							}
						},
						{
							"id": "set-instvar-value",
							"objectClass": "Background_Stars",
							"sid": 374156849183351,
							"parameters": {
								"instance-variable": "Size",
								"value": "Self.Width / round(random(1, 4))"
							}
						},
						{
							"id": "set-size",
							"objectClass": "Background_Stars",
							"sid": 541538993039182,
							"parameters": {
								"width": "Self.Size",
								"height": "Self.Size"
							}
						}
					],
					"sid": 167946453745211
				},
				{
					"eventType": "block",
					"conditions": [
						{
							"id": "is-group-active",
							"objectClass": "System",
							"sid": 8232997178520474,
							"parameters": {
								"group-name": "\"Button_Start\""
							},
							"isInverted": true
						}
					],
					"actions": [
						{
							"id": "set-position",
							"objectClass": "Button_Start",
							"sid": 149163920568143,
							"parameters": {
								"x": "(ViewportLeft(Self.LayerName) + ViewportRight(Self.LayerName) ) / 2",
								"y": "ViewportBottom(Self.LayerName) + (Self.Height_Size + Current_Distance)"
							}
						}
					],
					"sid": 2273302247134115
				},
				{
					"eventType": "block",
					"conditions": [
						{
							"id": "compare-two-values",
							"objectClass": "System",
							"sid": 4436434434848833,
							"parameters": {
								"first-value": "round(loadingprogress*100)",
								"comparison": 3,
								"second-value": "99"
							}
						},
						{
							"id": "is-boolean-instance-variable-set",
							"objectClass": "Loading_Font",
							"sid": 2795397940398951,
							"parameters": {
								"instance-variable": "Active"
							}
						}
					],
					"actions": [
						{
							"id": "set-text",
							"objectClass": "Loading_Font",
							"sid": 869868461525011,
							"parameters": {
								"text": "\"LOADING-\" & round(loadingprogress*100) & \"%\""
							}
						}
					],
					"sid": 792751487558356
				},
				{
					"eventType": "block",
					"conditions": [
						{
							"id": "on-loader-layout-complete",
							"objectClass": "System",
							"sid": 2211051541038558
						}
					],
					"actions": [
						{
							"id": "set-boolean-instvar",
							"objectClass": "Loading_Font",
							"sid": 5866400687572356,
							"parameters": {
								"instance-variable": "Active",
								"value": "false"
							}
						},
						{
							"id": "set-text",
							"objectClass": "Loading_Font",
							"sid": 8318923374095976,
							"parameters": {
								"text": "\"LOADING-100%\""
							}
						},
						{
							"id": "set-group-active",
							"objectClass": "System",
							"sid": 8000724956091685,
							"parameters": {
								"group-name": "\"Button_Start\"",
								"state": "activated"
							}
						}
					],
					"sid": 5959461069035536
				}
			],
			"sid": 3474809452368921
		},
		{
			"eventType": "group",
			"disabled": false,
			"title": "Button_Start",
			"description": "This is the button to go to the main menu of the game.",
			"isActiveOnStart": false,
			"children": [
				{
					"eventType": "block",
					"conditions": [
						{
							"id": "every-tick",
							"objectClass": "System",
							"sid": 2927911019786157
						}
					],
					"actions": [
						{
							"id": "set-position",
							"objectClass": "Button_Start",
							"sid": 169042985358513,
							"parameters": {
								"x": "Loading_Font.X",
								"y": "Loading_Font.Y + Loading_Font.Height / 2 + Self.Height_Size"
							}
						}
					],
					"sid": 274364638422926
				},
				{
					"eventType": "block",
					"conditions": [
						{
							"id": "on-touched-object",
							"objectClass": "Touch",
							"sid": 170638673326114,
							"parameters": {
								"object": "Button_Start",
								"type": "start"
							}
						},
						{
							"id": "compare-animation-frame",
							"objectClass": "Button_Start",
							"sid": 3791486798952237,
							"parameters": {
								"comparison": 0,
								"number": "1"
							}
						},
						{
							"id": "is-group-active",
							"objectClass": "System",
							"sid": 101736051496517,
							"parameters": {
								"group-name": "\"Shadow_In_Settings\""
							},
							"isInverted": true
						},
						{
							"id": "is-group-active",
							"objectClass": "System",
							"sid": 3282146084330431,
							"parameters": {
								"group-name": "\"Shadow_Out_Settings\""
							},
							"isInverted": true
						}
					],
					"actions": [
						{
							"id": "play",
							"objectClass": "Audio",
							"sid": 9559401390123688,
							"parameters": {
								"audio-file": "game_music",
								"loop": "looping",
								"volume": "Music",
								"stereo-pan": "0",
								"tag-optional": "\"Music\""
							}
						},
						{
							"id": "start-animation",
							"objectClass": "Button_Start",
							"sid": 2480028511740382,
							"parameters": {
								"from": "beginning"
							}
						},
						{
							"id": "set-group-active",
							"objectClass": "System",
							"sid": 2449118660487251,
							"parameters": {
								"group-name": "\"Shadow_In_Settings\"",
								"state": "activated"
							}
						},
						{
							"id": "wait-for-signal",
							"objectClass": "System",
							"sid": 5123616059582926,
							"parameters": {
								"tag": "\"Shadow_In\""
							}
						},
						{
							"id": "go-to-layout",
							"objectClass": "System",
							"sid": 1053695613437158,
							"parameters": {
								"layout": "Menu"
							}
						}
					],
					"sid": 2520824816048618
				}
			],
			"sid": 6567827093262695
		}
	],
	"sid": 469425182858316
}