{
	"name": "Game_Event",
	"events": [
		{
			"eventType": "variable",
			"name": "New_High_Score",
			"type": "string",
			"initialValue": "Active",
			"comment": "",
			"isStatic": false,
			"isConstant": false,
			"sid": 838505738579532
		},
		{
			"eventType": "variable",
			"name": "Game_Status",
			"type": "string",
			"initialValue": "Ready",
			"comment": "Current status of the game",
			"isStatic": false,
			"isConstant": false,
			"sid": 8053766322342101
		},
		{
			"eventType": "variable",
			"name": "Cloud_Spawn",
			"type": "string",
			"initialValue": "Left",
			"comment": "",
			"isStatic": false,
			"isConstant": false,
			"sid": 553176691744040
		},
		{
			"eventType": "variable",
			"name": "Block_Spawn",
			"type": "string",
			"initialValue": "Left",
			"comment": "",
			"isStatic": false,
			"isConstant": false,
			"sid": 221972496626612
		},
		{
			"eventType": "variable",
			"name": "Block_Width",
			"type": "number",
			"initialValue": "0",
			"comment": "",
			"isStatic": false,
			"isConstant": false,
			"sid": 324051292386578
		},
		{
			"eventType": "variable",
			"name": "Block_Height",
			"type": "number",
			"initialValue": "0",
			"comment": "",
			"isStatic": false,
			"isConstant": false,
			"sid": 195081997552434
		},
		{
			"eventType": "variable",
			"name": "Block_ID",
			"type": "number",
			"initialValue": "0",
			"comment": "",
			"isStatic": false,
			"isConstant": false,
			"sid": 379935383889452
		},
		{
			"eventType": "variable",
			"name": "Current_Block_Y",
			"type": "number",
			"initialValue": "0",
			"comment": "",
			"isStatic": false,
			"isConstant": false,
			"sid": 704930588764081
		},
		{
			"eventType": "variable",
			"name": "Game_Speed",
			"type": "number",
			"initialValue": "8",
			"comment": "",
			"isStatic": false,
			"isConstant": false,
			"sid": 750874092785330
		},
		{
			"eventType": "variable",
			"name": "Bonus_X",
			"type": "number",
			"initialValue": "0",
			"comment": "",
			"isStatic": false,
			"isConstant": false,
			"sid": 587809046536165
		},
		{
			"eventType": "variable",
			"name": "Level",
			"type": "number",
			"initialValue": "1",
			"comment": "",
			"isStatic": false,
			"isConstant": false,
			"sid": 542219537060638
		},
		{
			"eventType": "variable",
			"name": "Score",
			"type": "number",
			"initialValue": "0",
			"comment": "Main and the current score in the game",
			"isStatic": false,
			"isConstant": false,
			"sid": 5668424733100801
		},
		{
			"eventType": "variable",
			"name": "Top_Score",
			"type": "number",
			"initialValue": "0",
			"comment": "Top score for the entire game is written in memory at the end of the game, if the current score more than best score",
			"isStatic": false,
			"isConstant": false,
			"sid": 2813355983364471
		},
		{
			"eventType": "variable",
			"name": "Total_Score",
			"type": "number",
			"initialValue": "0",
			"comment": "",
			"isStatic": false,
			"isConstant": false,
			"sid": 169393798345124
		},
		{
			"eventType": "variable",
			"name": "mosfet",
			"type": "string",
			"initialValue": "t>B&Z:_NZm33k61k",
			"comment": "",
			"isStatic": false,
			"isConstant": false,
			"sid": 737485503110045
		},
		{
			"eventType": "include",
			"includeSheet": "Global_Event"
		},
		{
			"eventType": "include",
			"includeSheet": "Shadow_Event"
		},
		{
			"eventType": "group",
			"disabled": false,
			"title": "Game_Settings",
			"description": "",
			"isActiveOnStart": true,
			"children": [
				{
					"eventType": "block",
					"conditions": [
						{
							"id": "on-start-of-layout",
							"objectClass": "System",
							"sid": 937233173170416
						}
					],
					"actions": [
						{
							"id": "create-object",
							"objectClass": "System",
							"sid": 626450023889010,
							"parameters": {
								"object-to-create": "Black_Screen",
								"layer": "\"Gui\"",
								"x": "(ViewportLeft(\"Gui\") + ViewportRight(\"Gui\") ) / 2",
								"y": "(ViewportTop(\"Gui\") + ViewportBottom(\"Gui\") ) / 2",
								"create-hierarchy": false,
								"template-name": "\"\""
							}
						},
						{
							"id": "create-object",
							"objectClass": "System",
							"sid": 804168821630876,
							"parameters": {
								"object-to-create": "Text_Tap_To_Play",
								"layer": "\"Gui\"",
								"x": "(ViewportLeft(\"Gui\") + ViewportRight(\"Gui\") ) / 2",
								"y": "(ViewportTop(\"Gui\") + ViewportBottom(\"Gui\") ) / 2",
								"create-hierarchy": false,
								"template-name": "\"\""
							}
						},
						{
							"id": "set-eventvar-value",
							"objectClass": "System",
							"sid": 5236984900079223,
							"parameters": {
								"variable": "Game_Status",
								"value": "\"Ready\""
							}
						},
						{
							"id": "set-eventvar-value",
							"objectClass": "System",
							"sid": 713972078734539,
							"parameters": {
								"variable": "New_High_Score",
								"value": "\"Active\""
							}
						},
						{
							"id": "set-eventvar-value",
							"objectClass": "System",
							"sid": 8802262452234981,
							"parameters": {
								"variable": "Score",
								"value": "0"
							}
						},
						{
							"id": "set-eventvar-value",
							"objectClass": "System",
							"sid": 194251334385710,
							"parameters": {
								"variable": "Level",
								"value": "choose(1, 2, 3, 4, 5, 6)"
							}
						},
						{
							"id": "set-eventvar-value",
							"objectClass": "System",
							"sid": 285068557559045,
							"parameters": {
								"variable": "Bonus_X",
								"value": "1"
							}
						},
						{
							"id": "set-eventvar-value",
							"objectClass": "System",
							"sid": 551882195866600,
							"parameters": {
								"variable": "Block_ID",
								"value": "0"
							}
						},
						{
							"id": "set-eventvar-value",
							"objectClass": "System",
							"sid": 526165111539990,
							"parameters": {
								"variable": "Game_Speed",
								"value": "8"
							}
						},
						{
							"id": "set-eventvar-value",
							"objectClass": "System",
							"sid": 568435865191157,
							"parameters": {
								"variable": "Block_Width",
								"value": "360"
							}
						},
						{
							"id": "set-eventvar-value",
							"objectClass": "System",
							"sid": 347910846729026,
							"parameters": {
								"variable": "Block_Height",
								"value": "180"
							}
						},
						{
							"id": "set-position",
							"objectClass": "Collision_Block",
							"sid": 754598202322942,
							"parameters": {
								"x": "ViewportLeft(Self.LayerName) + ViewportRight(Self.LayerName) / 2",
								"y": "LayoutHeight - Block_Height"
							}
						},
						{
							"id": "set-size",
							"objectClass": "Collision_Block",
							"sid": 302458268555034,
							"parameters": {
								"width": "Block_Width",
								"height": "Block_Height"
							}
						},
						{
							"id": "set-position-to-another-object",
							"objectClass": "Blocks",
							"sid": 270888191293903,
							"parameters": {
								"object": "Collision_Block",
								"image-point-optional": "0"
							}
						},
						{
							"id": "set-animation",
							"objectClass": "Blocks",
							"sid": 551480255519703,
							"parameters": {
								"animation": "\"Level_\" & Level",
								"from": "beginning"
							}
						},
						{
							"id": "set-animation-frame",
							"objectClass": "Blocks",
							"sid": 760527898971314,
							"parameters": {
								"frame-number": "random(Self.AnimationFrameCount)"
							}
						},
						{
							"id": "set-position-to-another-object",
							"objectClass": "Collision_Player",
							"sid": 449580339268830,
							"parameters": {
								"object": "Collision_Block",
								"image-point-optional": "1"
							}
						},
						{
							"id": "set-position-to-another-object",
							"objectClass": "Camera",
							"sid": 646536432690942,
							"parameters": {
								"object": "Collision_Player",
								"image-point-optional": "1"
							}
						},
						{
							"id": "pin-to-object",
							"objectClass": "Camera",
							"sid": 756840923998103,
							"behaviorType": "Pin",
							"parameters": {
								"pin-to": "Collision_Player",
								"mode": "position-only"
							}
						},
						{
							"id": "set-animation",
							"objectClass": "Player",
							"sid": 450181043622660,
							"parameters": {
								"animation": "\"Player_\" & Level & \"_Idle\"",
								"from": "beginning"
							}
						},
						{
							"id": "set-position-to-another-object",
							"objectClass": "Player",
							"sid": 211844248189400,
							"parameters": {
								"object": "Collision_Player",
								"image-point-optional": "2"
							}
						},
						{
							"id": "pin-to-object",
							"objectClass": "Player",
							"sid": 498165137725188,
							"behaviorType": "Pin",
							"parameters": {
								"pin-to": "Collision_Player",
								"mode": "position-only"
							}
						},
						{
							"id": "set-animation-frame",
							"objectClass": "Backgrounds",
							"sid": 606709361807248,
							"parameters": {
								"frame-number": "random(0,5)"
							}
						},
						{
							"id": "set-animation-frame",
							"objectClass": "Backgrounds",
							"sid": 844046047584902,
							"parameters": {
								"frame-number": "Level - 1"
							}
						},
						{
							"id": "set-animation-frame",
							"objectClass": "Grounds",
							"sid": 386811474714546,
							"parameters": {
								"frame-number": "Level - 1"
							}
						},
						{
							"id": "set-eventvar-value",
							"objectClass": "System",
							"sid": 486651775421040,
							"parameters": {
								"variable": "Current_Block_Y",
								"value": "Collision_Block.Y"
							}
						}
					],
					"sid": 874952737297091,
					"children": [
						{
							"eventType": "block",
							"conditions": [
								{
									"id": "compare-eventvar",
									"objectClass": "System",
									"sid": 105298346398078,
									"parameters": {
										"variable": "Level",
										"comparison": 0,
										"value": "1"
									}
								}
							],
							"actions": [
								{
									"id": "create-object",
									"objectClass": "System",
									"sid": 179153785141430,
									"parameters": {
										"object-to-create": "Background_1_Moon",
										"layer": "\"Midground\"",
										"x": "0",
										"y": "0",
										"create-hierarchy": false,
										"template-name": "\"\""
									}
								}
							],
							"sid": 550400610538596
						},
						{
							"eventType": "block",
							"conditions": [
								{
									"id": "compare-eventvar",
									"objectClass": "System",
									"sid": 284621829386897,
									"parameters": {
										"variable": "Level",
										"comparison": 0,
										"value": "6"
									}
								}
							],
							"actions": [
								{
									"id": "create-object",
									"objectClass": "System",
									"sid": 414992336047714,
									"parameters": {
										"object-to-create": "Background_6_Moon",
										"layer": "\"Midground\"",
										"x": "0",
										"y": "0",
										"create-hierarchy": false,
										"template-name": "\"\""
									}
								}
							],
							"sid": 538822896232377
						}
					]
				},
				{
					"eventType": "block",
					"conditions": [
						{
							"id": "on-any-touch-start",
							"objectClass": "Touch",
							"sid": 9276888733699838
						},
						{
							"id": "compare-eventvar",
							"objectClass": "System",
							"sid": 9721873989564086,
							"parameters": {
								"variable": "Game_Status",
								"comparison": 0,
								"value": "\"Ready\""
							}
						},
						{
							"id": "is-group-active",
							"objectClass": "System",
							"sid": 661760766840958,
							"parameters": {
								"group-name": "\"Shadow_Out_Settings\""
							},
							"isInverted": true
						}
					],
					"actions": [
						{
							"id": "play",
							"objectClass": "Audio",
							"sid": 8258717545531184,
							"parameters": {
								"audio-file": "tap_to_play",
								"loop": "not-looping",
								"volume": "Sound",
								"stereo-pan": "0",
								"tag-optional": "\"Sound\""
							}
						},
						{
							"id": "set-eventvar-value",
							"objectClass": "System",
							"sid": 9434368675148328,
							"parameters": {
								"variable": "Game_Status",
								"value": "\"Start\""
							}
						},
						{
							"id": "set-active",
							"objectClass": "Text_Tap_To_Play",
							"sid": 5727437186856352,
							"behaviorType": "Sine",
							"parameters": {
								"state": "inactive"
							}
						},
						{
							"id": "start-fade",
							"objectClass": "Text_Tap_To_Play",
							"sid": 4570908896497651,
							"behaviorType": "Fade"
						},
						{
							"id": "start-fade",
							"objectClass": "Black_Screen",
							"sid": 226724801524632,
							"behaviorType": "Fade"
						}
					],
					"sid": 4137724427455522
				},
				{
					"eventType": "block",
					"conditions": [
						{
							"id": "on-destroyed",
							"objectClass": "Text_Tap_To_Play",
							"sid": 2900800115849512
						},
						{
							"id": "compare-eventvar",
							"objectClass": "System",
							"sid": 116498848535643,
							"parameters": {
								"variable": "Game_Status",
								"comparison": 0,
								"value": "\"Start\""
							}
						}
					],
					"actions": [
						{
							"id": "set-eventvar-value",
							"objectClass": "System",
							"sid": 863797906467022,
							"parameters": {
								"variable": "Game_Status",
								"value": "\"Play\""
							}
						}
					],
					"sid": 1889639748494163
				},
				{
					"eventType": "block",
					"conditions": [
						{
							"id": "every-tick",
							"objectClass": "System",
							"sid": 7552497672332233
						}
					],
					"actions": [
						{
							"id": "set-position",
							"objectClass": "Score_Font",
							"sid": 7856735162025854,
							"parameters": {
								"x": "ViewportLeft(Self.LayerName) + ViewportRight(Self.LayerName) / 2",
								"y": "ViewportTop(Self.LayerName) + (Self.Height * 1.5) + Current_Distance"
							}
						},
						{
							"id": "set-position",
							"objectClass": "Bonus_Font",
							"sid": 7261823096751974,
							"parameters": {
								"x": "ViewportLeft(Self.LayerName) + ViewportRight(Self.LayerName) / 2",
								"y": "ViewportTop(Self.LayerName) + (Score_Font.Height * 2) + Self.Height + (Current_Distance * 2)"
							}
						},
						{
							"id": "set-position",
							"objectClass": "Grounds",
							"sid": 743389589106320,
							"parameters": {
								"x": "ViewportLeft(Self.LayerName) + ViewportRight(Self.LayerName) / 2",
								"y": "LayoutHeight"
							}
						},
						{
							"id": "set-position",
							"objectClass": "Background_1_Moon",
							"sid": 411112275867335,
							"parameters": {
								"x": "lerp(Self.X, ViewportLeft(Self.LayerName) + Self.Width * 0.5, 0.5)",
								"y": "lerp(Self.Y, ViewportTop(Self.LayerName) + Self.Height, 0.5)"
							}
						},
						{
							"id": "set-position",
							"objectClass": "Background_6_Moon",
							"sid": 791464030089352,
							"parameters": {
								"x": "lerp(Self.X, ViewportLeft(Self.LayerName) + ViewportRight(Self.LayerName) / 2, 0.5)",
								"y": "lerp(Self.Y, ViewportTop(Self.LayerName) + Self.Height / 2, 0.5)"
							}
						},
						{
							"id": "set-text",
							"objectClass": "Score_Font",
							"sid": 970843113943027,
							"parameters": {
								"text": "Score"
							}
						},
						{
							"id": "move-to-top",
							"objectClass": "Warning_Sign",
							"sid": 648421940597744
						}
					],
					"sid": 4337643347560086
				},
				{
					"eventType": "block",
					"conditions": [
						{
							"id": "compare-eventvar",
							"objectClass": "System",
							"sid": 114218955986254,
							"parameters": {
								"variable": "Score",
								"comparison": 4,
								"value": "Top_Score"
							}
						},
						{
							"id": "compare-eventvar",
							"objectClass": "System",
							"sid": 929474137109851,
							"parameters": {
								"variable": "Top_Score",
								"comparison": 1,
								"value": "0"
							}
						},
						{
							"id": "compare-eventvar",
							"objectClass": "System",
							"sid": 739035295732221,
							"parameters": {
								"variable": "New_High_Score",
								"comparison": 0,
								"value": "\"Active\""
							}
						}
					],
					"actions": [
						{
							"id": "play",
							"objectClass": "Audio",
							"sid": 617618079585216,
							"parameters": {
								"audio-file": "new_high_score",
								"loop": "not-looping",
								"volume": "Sound",
								"stereo-pan": "0",
								"tag-optional": "\"Sound\""
							}
						},
						{
							"id": "set-eventvar-value",
							"objectClass": "System",
							"sid": 238866217610019,
							"parameters": {
								"variable": "New_High_Score",
								"value": "\"Inactive\""
							}
						},
						{
							"id": "create-object",
							"objectClass": "System",
							"sid": 944891757120375,
							"parameters": {
								"object-to-create": "Text_New_High_Score",
								"layer": "\"Gui\"",
								"x": "ViewportLeft(\"Gui\") + ViewportRight(\"Gui\") / 2",
								"y": "ViewportTop(\"Gui\") + 100",
								"create-hierarchy": false,
								"template-name": "\"\""
							}
						}
					],
					"sid": 776181063358905
				}
			],
			"sid": 4775565898448378
		},
		{
			"eventType": "group",
			"disabled": false,
			"title": "Effects_Settings",
			"description": "",
			"isActiveOnStart": true,
			"children": [
				{
					"eventType": "block",
					"conditions": [
						{
							"id": "on-any-animation-finished",
							"objectClass": "Player_Effects",
							"sid": 922143722271321
						}
					],
					"actions": [
						{
							"id": "destroy",
							"objectClass": "Player_Effects",
							"sid": 442652188449503
						}
					],
					"sid": 333409679261697
				},
				{
					"eventType": "block",
					"conditions": [
						{
							"id": "compare-eventvar",
							"objectClass": "System",
							"sid": 531183314780657,
							"parameters": {
								"variable": "Level",
								"comparison": 0,
								"value": "5"
							}
						}
					],
					"actions": [
						{
							"id": "set-blend-mode",
							"objectClass": "Player_Effects",
							"sid": 373022970961776,
							"parameters": {
								"blend-mode": "additive"
							}
						}
					],
					"sid": 982561675253820
				},
				{
					"eventType": "group",
					"disabled": false,
					"title": "Stars",
					"description": "",
					"isActiveOnStart": true,
					"children": [
						{
							"eventType": "block",
							"conditions": [
								{
									"id": "compare-eventvar",
									"objectClass": "System",
									"sid": 120176061040780,
									"parameters": {
										"variable": "Level",
										"comparison": 0,
										"value": "1"
									}
								},
								{
									"id": "compare-eventvar",
									"objectClass": "System",
									"sid": 631877632173969,
									"parameters": {
										"variable": "Level",
										"comparison": 0,
										"value": "4"
									}
								},
								{
									"id": "compare-eventvar",
									"objectClass": "System",
									"sid": 962744425084071,
									"parameters": {
										"variable": "Level",
										"comparison": 0,
										"value": "6"
									}
								}
							],
							"actions": [
								{
									"id": "set-angle",
									"objectClass": "Background_Stars",
									"sid": 367050491056945,
									"parameters": {
										"angle": "Self.Angle + 2.5"
									}
								}
							],
							"sid": 551644816772466,
							"children": [
								{
									"eventType": "block",
									"conditions": [
										{
											"id": "every-x-seconds",
											"objectClass": "System",
											"sid": 167059833633446,
											"parameters": {
												"interval-seconds": "random(0.1)"
											}
										}
									],
									"actions": [
										{
											"id": "create-object",
											"objectClass": "System",
											"sid": 394887672935217,
											"parameters": {
												"object-to-create": "Background_Stars",
												"layer": "\"Background\"",
												"x": "random(ViewportLeft(\"Background\"), ViewportRight(\"Background\"))",
												"y": "random(ViewportTop(\"Background\"), ViewportBottom(\"Background\") / 2.5)",
												"create-hierarchy": false,
												"template-name": "\"\""
											}
										},
										{
											"id": "set-animation",
											"objectClass": "Background_Stars",
											"sid": 178141821336376,
											"parameters": {
												"animation": "\"Level_\" & Level",
												"from": "beginning"
											}
										},
										{
											"id": "set-instvar-value",
											"objectClass": "Background_Stars",
											"sid": 385890626739522,
											"parameters": {
												"instance-variable": "Size",
												"value": "Self.Width / round(random(1, 4))"
											}
										},
										{
											"id": "set-size",
											"objectClass": "Background_Stars",
											"sid": 687005462618575,
											"parameters": {
												"width": "Self.Size",
												"height": "Self.Size"
											}
										}
									],
									"sid": 974612509662467
								}
							],
							"isOrBlock": true
						}
					],
					"sid": 791999928137401
				},
				{
					"eventType": "group",
					"disabled": false,
					"title": "Clouds",
					"description": "",
					"isActiveOnStart": true,
					"children": [
						{
							"eventType": "block",
							"conditions": [
								{
									"id": "compare-eventvar",
									"objectClass": "System",
									"sid": 682149005682686,
									"parameters": {
										"variable": "Level",
										"comparison": 1,
										"value": "5"
									}
								},
								{
									"id": "every-x-seconds",
									"objectClass": "System",
									"sid": 692333230801067,
									"parameters": {
										"interval-seconds": "random(2)"
									}
								},
								{
									"id": "compare-y",
									"objectClass": "Collision_Player",
									"sid": 378814019373534,
									"parameters": {
										"comparison": 3,
										"y-co-ordinate": "LayoutHeight - OriginalWindowHeight"
									}
								},
								{
									"id": "compare-eventvar",
									"objectClass": "System",
									"sid": 588106111178001,
									"parameters": {
										"variable": "Game_Status",
										"comparison": 0,
										"value": "\"Play\""
									}
								}
							],
							"actions": [
								{
									"id": "set-eventvar-value",
									"objectClass": "System",
									"sid": 998184703537244,
									"parameters": {
										"variable": "Cloud_Spawn",
										"value": "choose(\"Left\", \"Right\")"
									}
								}
							],
							"sid": 941929593662000,
							"children": [
								{
									"eventType": "block",
									"conditions": [
										{
											"id": "compare-eventvar",
											"objectClass": "System",
											"sid": 242521953961284,
											"parameters": {
												"variable": "Cloud_Spawn",
												"comparison": 0,
												"value": "\"Left\""
											}
										}
									],
									"actions": [
										{
											"id": "create-object",
											"objectClass": "System",
											"sid": 913240830648349,
											"parameters": {
												"object-to-create": "Background_Clouds",
												"layer": "\"Foreground\"",
												"x": "(ViewportLeft(\"Foreground\") + ViewportRight(\"Foreground\") / 2) - OriginalWindowWidth",
												"y": "Current_Block_Y - random(OriginalWindowHeight)",
												"create-hierarchy": false,
												"template-name": "\"\""
											}
										},
										{
											"id": "set-animation",
											"objectClass": "Background_Clouds",
											"sid": 943963130742983,
											"parameters": {
												"animation": "\"Level_\" & Level",
												"from": "beginning"
											}
										},
										{
											"id": "set-animation-frame",
											"objectClass": "Background_Clouds",
											"sid": 841715835824724,
											"parameters": {
												"frame-number": "random(Self.AnimationFrameCount)"
											}
										},
										{
											"id": "set-boolean-instvar",
											"objectClass": "Background_Clouds",
											"sid": 907107774459902,
											"parameters": {
												"instance-variable": "Move_Right",
												"value": "true"
											}
										}
									],
									"sid": 114502236180163
								},
								{
									"eventType": "block",
									"conditions": [
										{
											"id": "compare-eventvar",
											"objectClass": "System",
											"sid": 470293690487777,
											"parameters": {
												"variable": "Cloud_Spawn",
												"comparison": 0,
												"value": "\"Right\""
											}
										}
									],
									"actions": [
										{
											"id": "create-object",
											"objectClass": "System",
											"sid": 544086172780152,
											"parameters": {
												"object-to-create": "Background_Clouds",
												"layer": "\"Foreground\"",
												"x": "(ViewportLeft(\"Foreground\") + ViewportRight(\"Foreground\") / 2) + OriginalWindowWidth",
												"y": "Current_Block_Y - random(OriginalWindowHeight)",
												"create-hierarchy": false,
												"template-name": "\"\""
											}
										},
										{
											"id": "set-animation",
											"objectClass": "Background_Clouds",
											"sid": 853324167948406,
											"parameters": {
												"animation": "\"Level_\" & Level",
												"from": "beginning"
											}
										},
										{
											"id": "set-animation-frame",
											"objectClass": "Background_Clouds",
											"sid": 107643435919742,
											"parameters": {
												"frame-number": "random(Self.AnimationFrameCount)"
											}
										},
										{
											"id": "set-boolean-instvar",
											"objectClass": "Background_Clouds",
											"sid": 916286537136455,
											"parameters": {
												"instance-variable": "Move_Left",
												"value": "true"
											}
										}
									],
									"sid": 381361544031944
								}
							]
						},
						{
							"eventType": "block",
							"conditions": [
								{
									"id": "is-boolean-instance-variable-set",
									"objectClass": "Background_Clouds",
									"sid": 392218298461275,
									"parameters": {
										"instance-variable": "Move_Right"
									}
								},
								{
									"id": "compare-x",
									"objectClass": "Background_Clouds",
									"sid": 555622586413087,
									"parameters": {
										"comparison": 2,
										"x-co-ordinate": "ViewportLeft(Self.LayerName) + ViewportRight(Self.LayerName) / 2 + OriginalWindowWidth / 2 + Self.Width / 2"
									}
								},
								{
									"id": "compare-eventvar",
									"objectClass": "System",
									"sid": 186485021348153,
									"parameters": {
										"variable": "Game_Status",
										"comparison": 0,
										"value": "\"Play\""
									}
								}
							],
							"actions": [
								{
									"id": "set-x",
									"objectClass": "Background_Clouds",
									"sid": 109147057465746,
									"parameters": {
										"x": "Self.X + Self.Speed"
									}
								}
							],
							"sid": 153956566103315
						},
						{
							"eventType": "block",
							"conditions": [
								{
									"id": "is-boolean-instance-variable-set",
									"objectClass": "Background_Clouds",
									"sid": 989314947491598,
									"parameters": {
										"instance-variable": "Move_Right"
									}
								},
								{
									"id": "compare-x",
									"objectClass": "Background_Clouds",
									"sid": 791737172526969,
									"parameters": {
										"comparison": 5,
										"x-co-ordinate": "ViewportLeft(Self.LayerName) + ViewportRight(Self.LayerName) / 2 + OriginalWindowWidth / 2 + Self.Width / 2"
									}
								}
							],
							"actions": [
								{
									"id": "destroy",
									"objectClass": "Background_Clouds",
									"sid": 747582486303372
								}
							],
							"sid": 383574183695424
						},
						{
							"eventType": "block",
							"conditions": [
								{
									"id": "is-boolean-instance-variable-set",
									"objectClass": "Background_Clouds",
									"sid": 252047159086672,
									"parameters": {
										"instance-variable": "Move_Left"
									}
								},
								{
									"id": "compare-x",
									"objectClass": "Background_Clouds",
									"sid": 598638957747354,
									"parameters": {
										"comparison": 4,
										"x-co-ordinate": "ViewportLeft(Self.LayerName) + ViewportRight(Self.LayerName) / 2 - OriginalWindowWidth / 2 - Self.Width / 2"
									}
								},
								{
									"id": "compare-eventvar",
									"objectClass": "System",
									"sid": 372965318835521,
									"parameters": {
										"variable": "Game_Status",
										"comparison": 0,
										"value": "\"Play\""
									}
								}
							],
							"actions": [
								{
									"id": "set-x",
									"objectClass": "Background_Clouds",
									"sid": 876926224587329,
									"parameters": {
										"x": "Self.X - Self.Speed"
									}
								}
							],
							"sid": 876650769950893
						},
						{
							"eventType": "block",
							"conditions": [
								{
									"id": "is-boolean-instance-variable-set",
									"objectClass": "Background_Clouds",
									"sid": 405439775774121,
									"parameters": {
										"instance-variable": "Move_Left"
									}
								},
								{
									"id": "compare-x",
									"objectClass": "Background_Clouds",
									"sid": 101803522355022,
									"parameters": {
										"comparison": 3,
										"x-co-ordinate": "ViewportLeft(Self.LayerName) + ViewportRight(Self.LayerName) / 2 - OriginalWindowWidth / 2 - Self.Width / 2"
									}
								}
							],
							"actions": [
								{
									"id": "destroy",
									"objectClass": "Background_Clouds",
									"sid": 550798154416037
								}
							],
							"sid": 984723598819161
						}
					],
					"sid": 843263284990737
				},
				{
					"eventType": "group",
					"disabled": false,
					"title": "Bubbles",
					"description": "",
					"isActiveOnStart": true,
					"children": [
						{
							"eventType": "block",
							"conditions": [
								{
									"id": "compare-eventvar",
									"objectClass": "System",
									"sid": 337274915960631,
									"parameters": {
										"variable": "Level",
										"comparison": 0,
										"value": "5"
									}
								},
								{
									"id": "compare-eventvar",
									"objectClass": "System",
									"sid": 369761106237552,
									"parameters": {
										"variable": "Game_Status",
										"comparison": 0,
										"value": "\"Play\""
									}
								}
							],
							"actions": [
								{
									"id": "set-y",
									"objectClass": "Background_5_Bubble",
									"sid": 319242542113651,
									"parameters": {
										"y": "Self.Y - Self.Size / 2"
									}
								},
								{
									"id": "set-y",
									"objectClass": "Background_5_Player_Bubble",
									"sid": 779205051464180,
									"parameters": {
										"y": "Self.Y - Self.Size / 2"
									}
								}
							],
							"sid": 824744077896320,
							"children": [
								{
									"eventType": "block",
									"conditions": [
										{
											"id": "every-x-seconds",
											"objectClass": "System",
											"sid": 203912406308683,
											"parameters": {
												"interval-seconds": "0.2"
											}
										}
									],
									"actions": [
										{
											"id": "create-object",
											"objectClass": "System",
											"sid": 561042118827098,
											"parameters": {
												"object-to-create": "Background_5_Bubble",
												"layer": "\"Background\"",
												"x": "(ViewportLeft(\"Background\") + ViewportRight(\"Background\") / 2) + random(- OriginalWindowWidth / 2, OriginalWindowWidth / 2)",
												"y": "ViewportBottom(\"Background\")",
												"create-hierarchy": false,
												"template-name": "\"\""
											}
										},
										{
											"id": "set-instvar-value",
											"objectClass": "Background_5_Bubble",
											"sid": 780306727997437,
											"parameters": {
												"instance-variable": "Size",
												"value": "round(random(8, 16))"
											}
										},
										{
											"id": "set-size",
											"objectClass": "Background_5_Bubble",
											"sid": 443428819763061,
											"parameters": {
												"width": "Self.Size",
												"height": "Self.Size"
											}
										},
										{
											"id": "set-opacity",
											"objectClass": "Background_5_Bubble",
											"sid": 434074096121540,
											"parameters": {
												"opacity": "random(50, 100)"
											}
										}
									],
									"sid": 451207054317175
								},
								{
									"eventType": "block",
									"conditions": [
										{
											"id": "every-x-seconds",
											"objectClass": "System",
											"sid": 152823058566240,
											"parameters": {
												"interval-seconds": "0.4"
											}
										}
									],
									"actions": [
										{
											"id": "create-object",
											"objectClass": "System",
											"sid": 712560184934673,
											"parameters": {
												"object-to-create": "Background_5_Player_Bubble",
												"layer": "\"Foreground\"",
												"x": "Collision_Player.X",
												"y": "Collision_Player.Y - Collision_Player.Height",
												"create-hierarchy": false,
												"template-name": "\"\""
											}
										},
										{
											"id": "set-instvar-value",
											"objectClass": "Background_5_Player_Bubble",
											"sid": 731246599491889,
											"parameters": {
												"instance-variable": "Size",
												"value": "round(random(8, 32))"
											}
										},
										{
											"id": "set-size",
											"objectClass": "Background_5_Player_Bubble",
											"sid": 654320435787909,
											"parameters": {
												"width": "Self.Size",
												"height": "Self.Size"
											}
										},
										{
											"id": "set-opacity",
											"objectClass": "Background_5_Player_Bubble",
											"sid": 851376967426166,
											"parameters": {
												"opacity": "random(50, 100)"
											}
										}
									],
									"sid": 804010923028939
								}
							]
						},
						{
							"eventType": "block",
							"conditions": [
								{
									"id": "compare-y",
									"objectClass": "Background_5_Bubble",
									"sid": 301647931836083,
									"parameters": {
										"comparison": 2,
										"y-co-ordinate": "ViewportTop(Self.LayerName) - OriginalWindowHeight / 6"
									}
								}
							],
							"actions": [
								{
									"id": "destroy",
									"objectClass": "Background_5_Bubble",
									"sid": 131362543461984
								}
							],
							"sid": 504413106906972
						},
						{
							"eventType": "block",
							"conditions": [
								{
									"id": "compare-y",
									"objectClass": "Background_5_Player_Bubble",
									"sid": 546197040253839,
									"parameters": {
										"comparison": 2,
										"y-co-ordinate": "ViewportTop(Self.LayerName) - OriginalWindowHeight / 6"
									}
								}
							],
							"actions": [
								{
									"id": "destroy",
									"objectClass": "Background_5_Player_Bubble",
									"sid": 435332504824940
								}
							],
							"sid": 668196134776320
						}
					],
					"sid": 279965595837310
				}
			],
			"sid": 6900417822134628
		},
		{
			"eventType": "group",
			"disabled": false,
			"title": "Player_Settings",
			"description": "",
			"isActiveOnStart": true,
			"children": [
				{
					"eventType": "block",
					"conditions": [
						{
							"id": "on-any-key-pressed",
							"objectClass": "Keyboard",
							"sid": 703870718815410
						},
						{
							"id": "on-any-touch-start",
							"objectClass": "Touch",
							"sid": 414144866985178
						}
					],
					"actions": [],
					"sid": 180491010490817,
					"children": [
						{
							"eventType": "block",
							"conditions": [
								{
									"id": "is-animation-playing",
									"objectClass": "Player",
									"sid": 662701698152535,
									"parameters": {
										"animation": "\"Player_\" & Level & \"_Jump\""
									},
									"isInverted": true
								},
								{
									"id": "is-animation-playing",
									"objectClass": "Player",
									"sid": 224800780087277,
									"parameters": {
										"animation": "\"Player_\" & Level & \"_Fall\""
									},
									"isInverted": true
								},
								{
									"id": "compare-eventvar",
									"objectClass": "System",
									"sid": 174740078377776,
									"parameters": {
										"variable": "Game_Status",
										"comparison": 0,
										"value": "\"Play\""
									}
								}
							],
							"actions": [
								{
									"id": "play",
									"objectClass": "Audio",
									"sid": 398279061338237,
									"parameters": {
										"audio-file": "jump",
										"loop": "not-looping",
										"volume": "Sound",
										"stereo-pan": "0",
										"tag-optional": "\"Sound\""
									}
								},
								{
									"id": "set-animation",
									"objectClass": "Player",
									"sid": 863725763246691,
									"parameters": {
										"animation": "\"Player_\" & Level & \"_Jump\"",
										"from": "beginning"
									}
								},
								{
									"id": "simulate-control",
									"objectClass": "Collision_Player",
									"sid": 986577742092601,
									"behaviorType": "Platform",
									"parameters": {
										"control": "jump"
									}
								}
							],
							"sid": 287787075222710
						}
					],
					"isOrBlock": true
				},
				{
					"eventType": "block",
					"conditions": [
						{
							"id": "on-animation-finished",
							"objectClass": "Player",
							"sid": 203251556399759,
							"parameters": {
								"animation": "\"Player_\" & Level & \"_Jump\""
							}
						},
						{
							"id": "is-animation-playing",
							"objectClass": "Player",
							"sid": 786688016748331,
							"parameters": {
								"animation": "\"Player_\" & Level & \"_Fall\""
							},
							"isInverted": true
						}
					],
					"actions": [
						{
							"id": "set-animation",
							"objectClass": "Player",
							"sid": 875740789334930,
							"parameters": {
								"animation": "\"Player_\" & Level & \"_Idle\"",
								"from": "beginning"
							}
						}
					],
					"sid": 854975054534803
				},
				{
					"eventType": "block",
					"conditions": [
						{
							"id": "on-collision-with-another-object",
							"objectClass": "Collision_Block",
							"sid": 880625243963782,
							"parameters": {
								"object": "Collision_Player"
							}
						},
						{
							"id": "compare-instance-variable",
							"objectClass": "Collision_Block",
							"sid": 533774421330000,
							"parameters": {
								"instance-variable": "ID",
								"comparison": 4,
								"value": "0"
							}
						},
						{
							"id": "is-animation-playing",
							"objectClass": "Player",
							"sid": 859482233255169,
							"parameters": {
								"animation": "\"Player_\" & Level & \"_Fall\""
							},
							"isInverted": true
						},
						{
							"id": "compare-eventvar",
							"objectClass": "System",
							"sid": 498225940138341,
							"parameters": {
								"variable": "Game_Status",
								"comparison": 0,
								"value": "\"Play\""
							}
						}
					],
					"actions": [],
					"sid": 292955719709719,
					"children": [
						{
							"eventType": "block",
							"conditions": [
								{
									"id": "compare-x",
									"objectClass": "Collision_Player",
									"sid": 618541121596861,
									"parameters": {
										"comparison": 5,
										"x-co-ordinate": "Collision_Block.X - Block_Width / 2"
									}
								},
								{
									"id": "compare-x",
									"objectClass": "Collision_Player",
									"sid": 851835664983671,
									"parameters": {
										"comparison": 3,
										"x-co-ordinate": "Collision_Block.X + Block_Width / 2"
									}
								}
							],
							"actions": [],
							"sid": 347707474454026,
							"children": [
								{
									"eventType": "block",
									"conditions": [
										{
											"id": "compare-y",
											"objectClass": "Collision_Player",
											"sid": 504863783132234,
											"parameters": {
												"comparison": 3,
												"y-co-ordinate": "Collision_Block.Y - Block_Height"
											}
										}
									],
									"actions": [
										{
											"id": "play-by-name",
											"objectClass": "Audio",
											"sid": 716103872448243,
											"parameters": {
												"folder": "sounds",
												"audio-file-name": "choose(\"Landing_1\", \"Landing_2\", \"Landing_3\")",
												"loop": "not-looping",
												"volume": "Sound",
												"stereo-pan": "0",
												"tag-optional": "\"Sound\""
											}
										},
										{
											"id": "add-to-eventvar",
											"objectClass": "System",
											"sid": 268679777704886,
											"parameters": {
												"variable": "Score",
												"value": "1 * Bonus_X"
											}
										},
										{
											"id": "set-instvar-value",
											"objectClass": "Collision_Player",
											"sid": 982006804551008,
											"parameters": {
												"instance-variable": "Touched_Block_ID",
												"value": "Collision_Block.ID"
											}
										},
										{
											"id": "spawn-another-object",
											"objectClass": "Collision_Player",
											"sid": 756862575895007,
											"parameters": {
												"object": "Player_Effects",
												"layer": "\"Midground\"",
												"image-point": "0",
												"create-hierarchy": false,
												"template-name": "\"\""
											}
										},
										{
											"id": "set-animation",
											"objectClass": "Player_Effects",
											"sid": 654341364287449,
											"parameters": {
												"animation": "\"Level_\" & Level",
												"from": "beginning"
											}
										},
										{
											"id": "shake",
											"objectClass": "Camera",
											"sid": 426764176818352,
											"behaviorType": "ScrollTo",
											"parameters": {
												"magnitude": "20",
												"duration": "0.4",
												"mode": "reducing-magnitude"
											}
										}
									],
									"sid": 848494496517555
								}
							],
							"isOrBlock": true
						},
						{
							"eventType": "block",
							"conditions": [
								{
									"id": "compare-x",
									"objectClass": "Collision_Player",
									"sid": 893345452703797,
									"parameters": {
										"comparison": 2,
										"x-co-ordinate": "Collision_Block.X - Block_Width / 2"
									}
								}
							],
							"actions": [
								{
									"id": "play",
									"objectClass": "Audio",
									"sid": 683096763948719,
									"parameters": {
										"audio-file": "fall",
										"loop": "not-looping",
										"volume": "Sound",
										"stereo-pan": "0",
										"tag-optional": "\"Sound\""
									}
								},
								{
									"id": "set-eventvar-value",
									"objectClass": "System",
									"sid": 879020098996694,
									"parameters": {
										"variable": "Game_Status",
										"value": "\"Player_Fall\""
									}
								},
								{
									"id": "set-animation",
									"objectClass": "Player",
									"sid": 751499778805882,
									"parameters": {
										"animation": "\"Player_\" & Level & \"_Fall\"",
										"from": "beginning"
									}
								},
								{
									"id": "set-boolean-instvar",
									"objectClass": "Collision_Player",
									"sid": 799202425098370,
									"parameters": {
										"instance-variable": "Fall_Left",
										"value": "true"
									}
								},
								{
									"id": "destroy",
									"objectClass": "Collision_Block",
									"sid": 263551115295684
								},
								{
									"id": "destroy",
									"objectClass": "Warning_Sign",
									"sid": 543033138650050
								},
								{
									"id": "destroy",
									"objectClass": "Score_Font",
									"sid": 379038842799293
								},
								{
									"id": "destroy",
									"objectClass": "Bonus_Font",
									"sid": 476155345481391
								}
							],
							"sid": 182265609981067
						},
						{
							"eventType": "block",
							"conditions": [
								{
									"id": "compare-x",
									"objectClass": "Collision_Player",
									"sid": 665349928021748,
									"parameters": {
										"comparison": 4,
										"x-co-ordinate": "Collision_Block.X + Block_Width / 2"
									}
								}
							],
							"actions": [
								{
									"id": "play",
									"objectClass": "Audio",
									"sid": 739336046816797,
									"parameters": {
										"audio-file": "fall",
										"loop": "not-looping",
										"volume": "Sound",
										"stereo-pan": "0",
										"tag-optional": "\"Sound\""
									}
								},
								{
									"id": "set-eventvar-value",
									"objectClass": "System",
									"sid": 789730602672539,
									"parameters": {
										"variable": "Game_Status",
										"value": "\"Player_Fall\""
									}
								},
								{
									"id": "set-animation",
									"objectClass": "Player",
									"sid": 748850612398086,
									"parameters": {
										"animation": "\"Player_\" & Level & \"_Fall\"",
										"from": "beginning"
									}
								},
								{
									"id": "set-boolean-instvar",
									"objectClass": "Collision_Player",
									"sid": 437172025138254,
									"parameters": {
										"instance-variable": "Fall_Right",
										"value": "true"
									}
								},
								{
									"id": "destroy",
									"objectClass": "Collision_Block",
									"sid": 269172947264665
								},
								{
									"id": "destroy",
									"objectClass": "Warning_Sign",
									"sid": 466429364193678
								},
								{
									"id": "destroy",
									"objectClass": "Score_Font",
									"sid": 500821132443180
								},
								{
									"id": "destroy",
									"objectClass": "Bonus_Font",
									"sid": 874673743581403
								}
							],
							"sid": 768283950774838
						},
						{
							"eventType": "block",
							"conditions": [
								{
									"id": "compare-eventvar",
									"objectClass": "System",
									"sid": 781388424077112,
									"parameters": {
										"variable": "Block_ID",
										"comparison": 0,
										"value": "1000"
									}
								}
							],
							"actions": [
								{
									"id": "play",
									"objectClass": "Audio",
									"sid": 454701076008546,
									"parameters": {
										"audio-file": "game_won",
										"loop": "not-looping",
										"volume": "Sound",
										"stereo-pan": "0",
										"tag-optional": "\"Sound\""
									}
								},
								{
									"id": "set-eventvar-value",
									"objectClass": "System",
									"sid": 188749875723333,
									"parameters": {
										"variable": "Game_Status",
										"value": "\"Game_Won\""
									}
								},
								{
									"id": "create-object",
									"objectClass": "System",
									"sid": 994500605506448,
									"parameters": {
										"object-to-create": "Black_Screen",
										"layer": "\"Gui\"",
										"x": "(ViewportLeft(\"Gui\") + ViewportRight(\"Gui\") ) / 2",
										"y": "(ViewportTop(\"Gui\") + ViewportBottom(\"Gui\") ) / 2",
										"create-hierarchy": false,
										"template-name": "\"\""
									}
								},
								{
									"id": "create-object",
									"objectClass": "System",
									"sid": 197958826489373,
									"parameters": {
										"object-to-create": "Text_You_Won",
										"layer": "\"Gui\"",
										"x": "(ViewportLeft(\"Gui\") + ViewportRight(\"Gui\") ) / 2",
										"y": "(ViewportTop(\"Gui\") + ViewportBottom(\"Gui\") ) / 2",
										"create-hierarchy": false,
										"template-name": "\"\""
									}
								},
								{
									"id": "wait",
									"objectClass": "System",
									"sid": 876131145122723,
									"parameters": {
										"seconds": "2"
									}
								},
								{
									"id": "set-group-active",
									"objectClass": "System",
									"sid": 443329201396397,
									"parameters": {
										"group-name": "\"Shadow_In_Settings\"",
										"state": "activated"
									}
								},
								{
									"id": "wait-for-signal",
									"objectClass": "System",
									"sid": 911705323548423,
									"parameters": {
										"tag": "\"Shadow_In\""
									}
								},
								{
									"id": "go-to-layout",
									"objectClass": "System",
									"sid": 173857236441422,
									"parameters": {
										"layout": "Game_Complete"
									}
								}
							],
							"sid": 233796300910260,
							"children": [
								{
									"eventType": "block",
									"conditions": [
										{
											"id": "compare-two-values",
											"objectClass": "System",
											"sid": 273901150866387,
											"parameters": {
												"first-value": "Score",
												"comparison": 4,
												"second-value": "Top_Score"
											}
										}
									],
									"actions": [
										{
											"id": "set-eventvar-value",
											"objectClass": "System",
											"sid": 115184816072203,
											"parameters": {
												"variable": "Top_Score",
												"value": "Score"
											}
										},
										{
											"id": "set-item",
											"objectClass": "LocalStorage",
											"sid": 298762982388656,
											"parameters": {
												"key": "projectname & \"Top_Score\"",
												"value": "Top_Score"
											}
										}
									],
									"sid": 275868885089745
								}
							]
						}
					]
				},
				{
					"eventType": "block",
					"conditions": [
						{
							"id": "compare-instance-variable",
							"objectClass": "Collision_Block",
							"sid": 858253458742302,
							"parameters": {
								"instance-variable": "ID",
								"comparison": 2,
								"value": "Collision_Player.Touched_Block_ID"
							}
						}
					],
					"actions": [
						{
							"id": "destroy",
							"objectClass": "Collision_Block",
							"sid": 238576396182389
						}
					],
					"sid": 711843443490383
				},
				{
					"eventType": "block",
					"conditions": [
						{
							"id": "is-boolean-instance-variable-set",
							"objectClass": "Collision_Player",
							"sid": 344569646627646,
							"parameters": {
								"instance-variable": "Fall_Left"
							}
						}
					],
					"actions": [
						{
							"id": "simulate-control",
							"objectClass": "Collision_Player",
							"sid": 172581390616712,
							"behaviorType": "Platform",
							"parameters": {
								"control": "left"
							}
						}
					],
					"sid": 667918119419071
				},
				{
					"eventType": "block",
					"conditions": [
						{
							"id": "is-boolean-instance-variable-set",
							"objectClass": "Collision_Player",
							"sid": 997481885761020,
							"parameters": {
								"instance-variable": "Fall_Right"
							}
						}
					],
					"actions": [
						{
							"id": "simulate-control",
							"objectClass": "Collision_Player",
							"sid": 760289429974091,
							"behaviorType": "Platform",
							"parameters": {
								"control": "right"
							}
						}
					],
					"sid": 528215998383591
				},
				{
					"eventType": "block",
					"conditions": [
						{
							"id": "compare-y",
							"objectClass": "Collision_Player",
							"sid": 935873570639651,
							"parameters": {
								"comparison": 4,
								"y-co-ordinate": "Current_Block_Y"
							}
						},
						{
							"id": "is-falling",
							"objectClass": "Collision_Player",
							"sid": 757625980461149,
							"behaviorType": "Platform"
						},
						{
							"id": "compare-eventvar",
							"objectClass": "System",
							"sid": 535029093581740,
							"disabled": true,
							"parameters": {
								"variable": "Level",
								"comparison": 1,
								"value": "5"
							}
						}
					],
					"actions": [
						{
							"id": "add-to-instvar",
							"objectClass": "Collision_Player",
							"sid": 314325913873611,
							"parameters": {
								"instance-variable": "Fall_Speed",
								"value": "2"
							}
						},
						{
							"id": "set-y",
							"objectClass": "Collision_Player",
							"sid": 824697175249611,
							"parameters": {
								"y": "Self.Y + Self.Fall_Speed"
							}
						}
					],
					"sid": 320185567508339
				},
				{
					"eventType": "block",
					"conditions": [
						{
							"id": "compare-y",
							"objectClass": "Collision_Player",
							"sid": 721865527170199,
							"parameters": {
								"comparison": 4,
								"y-co-ordinate": "LayoutHeight - Block_Height"
							}
						},
						{
							"id": "compare-eventvar",
							"objectClass": "System",
							"sid": 397979969142678,
							"parameters": {
								"variable": "Game_Status",
								"comparison": 0,
								"value": "\"Player_Fall\""
							}
						}
					],
					"actions": [
						{
							"id": "play",
							"objectClass": "Audio",
							"sid": 885182693419556,
							"parameters": {
								"audio-file": "game_over",
								"loop": "not-looping",
								"volume": "Sound",
								"stereo-pan": "0",
								"tag-optional": "\"Sound\""
							}
						},
						{
							"id": "set-eventvar-value",
							"objectClass": "System",
							"sid": 843196644925011,
							"parameters": {
								"variable": "Game_Status",
								"value": "\"Game_Over\""
							}
						},
						{
							"id": "create-object",
							"objectClass": "System",
							"sid": 791993978443610,
							"parameters": {
								"object-to-create": "Black_Screen",
								"layer": "\"Gui\"",
								"x": "(ViewportLeft(\"Gui\") + ViewportRight(\"Gui\") ) / 2",
								"y": "(ViewportTop(\"Gui\") + ViewportBottom(\"Gui\") ) / 2",
								"create-hierarchy": false,
								"template-name": "\"\""
							}
						},
						{
							"id": "create-object",
							"objectClass": "System",
							"sid": 571109597021688,
							"parameters": {
								"object-to-create": "Text_Game_Over",
								"layer": "\"Gui\"",
								"x": "(ViewportLeft(\"Gui\") + ViewportRight(\"Gui\") ) / 2",
								"y": "(ViewportTop(\"Gui\") + ViewportBottom(\"Gui\") ) / 2",
								"create-hierarchy": false,
								"template-name": "\"\""
							}
						},
						{
							"id": "wait",
							"objectClass": "System",
							"sid": 503817546332803,
							"parameters": {
								"seconds": "2"
							}
						},
						{
							"type": "script",
							"script": "// Encryption key (must match the server-side key, 16 bytes for AES-128)\nconst encryptionKey = runtime.globalVars.mosfet.toString(); // Get key from Construct 3 global variable\n\n// Get score from Construct 3's global variable\nfunction getScore() {\n    const SCORE = runtime.globalVars.Score.toString(); // Assuming Score holds the player's score\n    return SCORE;\n}\n\n// Encrypt text using AES-128-CBC with CryptoJS\nfunction encrypt(text) {\n    const key = CryptoJS.enc.Utf8.parse(encryptionKey); // Convert the key to a WordArray\n    const iv = CryptoJS.lib.WordArray.random(16); // Generate a random IV\n\n    // Encrypt the text\n    const encrypted = CryptoJS.AES.encrypt(text, key, {\n        iv: iv,\n        mode: CryptoJS.mode.CBC,\n        padding: CryptoJS.pad.Pkcs7\n    });\n\n    // Combine IV and ciphertext\n    const ivBase64 = CryptoJS.enc.Base64.stringify(iv); // Convert IV to Base64\n    const encryptedBase64 = encrypted.ciphertext.toString(CryptoJS.enc.Base64); // Ciphertext as Base64\n    return `${ivBase64}:${encryptedBase64}`; // Combine IV and ciphertext as a Base64 string\n}\n\n// Helper function: Grab URL parameters\nfunction getUrlParams() {\n    const params = {};\n    const queryString = window.location.search.substring(1); // Get the query string\n    const pairs = queryString.split(\"&\"); // Split into key-value pairs\n    pairs.forEach((pair) => {\n        const [key, value] = pair.split(\"=\"); // Split key and value\n        params[decodeURIComponent(key)] = decodeURIComponent(value || \"\"); // Decode URI components\n    });\n    return params;\n}\n\n// Main function: Encrypt and send data\nwindow.onGameOver = async function () {\n    const params = getUrlParams();\n    const token = params[\"token\"];\n    const keyword = params[\"keyword\"];\n\n    // If token or keyword is missing, redirect to fallback URL\n    if (!token || !keyword) {\n        window.location.href = `https://gp.bdgamers.club/home`;\n        return;\n    }\n\n    // Retrieve score\n    const score = getScore() ? getScore() : 0;\n    const tokenKeyword = `${token}_${keyword}`; // Combine token and keyword\n\n    try {\n        // Encrypt token_keyword and score\n        const encryptedTokenKeyword = encrypt(tokenKeyword);\n        const encryptedScore = encrypt(score);\n\n        // Construct the URL with encrypted data\n        const url = `http://bkash.bdgamers.club/api/score/?pengenal=${encodeURIComponent(encryptedTokenKeyword)}&puntaje=${encodeURIComponent(encryptedScore)}`;\n\n        // Send data via fetch\n        fetch(url)\n            .then((res) => {\n                if (!res.ok) {\n                    throw new Error(`HTTP error! Status: ${res.status}`);\n                }\n                return res.json(); // Parse the JSON data\n            })\n            .then((data) => {\n                sessionStorage.setItem('mac', data.mac); // Store response data\n            })\n            .catch((error) => {\n                console.error(\"Error sending data:\", error);\n            });\n    } catch (error) {\n        console.error(\"Error during encryption:\", error);\n    }\n};\n\nwindow.onGameOver();",
							"disabled": true
						},
						{
							"type": "script",
							"script": "// Encryption key (must match server-side key, 16 bytes for AES-128)\nconst encryptionKey = runtime.globalVars.mosfet.toString(); // Global variable for the key\n\n// Retrieve global variables and URL parameters\nfunction getParams() {\n    const urlParams = new URLSearchParams(window.location.search);\n    return {\n        token: urlParams.get(\"token\") || \"\",\n        keyword: urlParams.get(\"keyword\") || \"\",\n        score: runtime.globalVars.Score.toString() || \"0\",\n    };\n}\n\n// Encrypt text using AES-128-CBC with CryptoJS\nfunction encrypt(text) {\n    const key = CryptoJS.enc.Utf8.parse(encryptionKey);\n    const iv = CryptoJS.lib.WordArray.random(16); // Generate random IV\n    const encrypted = CryptoJS.AES.encrypt(text, key, { iv, mode: CryptoJS.mode.CBC, padding: CryptoJS.pad.Pkcs7 });\n    return `${CryptoJS.enc.Base64.stringify(iv)}:${encrypted.ciphertext.toString(CryptoJS.enc.Base64)}`;\n}\n\n// Send encrypted data to the server\nasync function sendData() {\n    const { token, keyword, score } = getParams();\n\n    // Redirect to fallback URL if token or keyword is missing\n    if (!token || !keyword) {\n        window.location.href = \"https://gp.bdgamers.club/home\";\n        return;\n    }\n\n    // Encrypt the required parameters\n    const encryptedTokenKeyword = encrypt(`${token}_${keyword}`);\n    const encryptedScore = encrypt(score);\n\n    // Define the request URL\n    const url = `http://bkash.bdgamers.club/api/score?pengenal=${encodeURIComponent(encryptedTokenKeyword)}&puntaje=${encodeURIComponent(encryptedScore)}`; // Example MAC; replace with actual if needed\n\n    try {\n        const response = await fetch(url, {\n            method: \"GET\", // Ensure the API accepts GET requests\n            headers: {\n                \"Content-Type\": \"application/json\",\n            },\n        });\n\n        if (!response.ok) {\n            throw new Error(`HTTP error! Status: ${response.status}`);\n        }\n\n        const data = await response.json();\n        console.log(\"API Response:\", data); // Log response for debugging\n\n        if (data.score && data.score.mac) {\n            sessionStorage.setItem(\"mac\", data.score.mac); // Store MAC if available\n        }\n    } catch (error) {\n        console.error(\"Error sending data:\", error);\n    }\n}\n\n// Trigger on game over\nwindow.onGameOver();"
						},
						{
							"id": "set-group-active",
							"objectClass": "System",
							"sid": 784963588796751,
							"parameters": {
								"group-name": "\"Shadow_In_Settings\"",
								"state": "activated"
							}
						},
						{
							"id": "wait-for-signal",
							"objectClass": "System",
							"sid": 571380933008642,
							"parameters": {
								"tag": "\"Shadow_In\""
							}
						},
						{
							"id": "go-to-layout",
							"objectClass": "System",
							"sid": 307607816106608,
							"parameters": {
								"layout": "Game_Over"
							}
						}
					],
					"sid": 147620484520303,
					"children": [
						{
							"eventType": "block",
							"conditions": [
								{
									"id": "compare-two-values",
									"objectClass": "System",
									"sid": 430254817862148,
									"parameters": {
										"first-value": "Score",
										"comparison": 4,
										"second-value": "Top_Score"
									}
								}
							],
							"actions": [
								{
									"id": "set-eventvar-value",
									"objectClass": "System",
									"sid": 221078197088273,
									"parameters": {
										"variable": "Top_Score",
										"value": "Score"
									}
								},
								{
									"id": "set-item",
									"objectClass": "LocalStorage",
									"sid": 187769198696600,
									"parameters": {
										"key": "projectname & \"Top_Score\"",
										"value": "Top_Score"
									}
								}
							],
							"sid": 933349517980876
						}
					]
				}
			],
			"sid": 470882919860849
		},
		{
			"eventType": "group",
			"disabled": false,
			"title": "Blocks_Settings",
			"description": "",
			"isActiveOnStart": true,
			"children": [
				{
					"eventType": "block",
					"conditions": [
						{
							"id": "every-x-seconds",
							"objectClass": "System",
							"sid": 939174901595907,
							"parameters": {
								"interval-seconds": "random((1 - Game_Speed / 100), (1.8 - Game_Speed / 100))"
							}
						},
						{
							"id": "compare-eventvar",
							"objectClass": "System",
							"sid": 275488157768164,
							"parameters": {
								"variable": "Block_ID",
								"comparison": 2,
								"value": "1000"
							}
						},
						{
							"id": "is-animation-playing",
							"objectClass": "Player",
							"sid": 106397160421915,
							"parameters": {
								"animation": "\"Player_\" & Level & \"_Fall\""
							},
							"isInverted": true
						},
						{
							"id": "compare-eventvar",
							"objectClass": "System",
							"sid": 137977564556413,
							"parameters": {
								"variable": "Game_Status",
								"comparison": 0,
								"value": "\"Play\""
							}
						}
					],
					"actions": [
						{
							"id": "set-eventvar-value",
							"objectClass": "System",
							"sid": 672982632978213,
							"parameters": {
								"variable": "Block_Spawn",
								"value": "choose(\"Left\", \"Right\")"
							}
						},
						{
							"id": "add-to-eventvar",
							"objectClass": "System",
							"sid": 927275286745067,
							"parameters": {
								"variable": "Block_ID",
								"value": "1"
							}
						},
						{
							"id": "add-to-eventvar",
							"objectClass": "System",
							"sid": 508025491489987,
							"parameters": {
								"variable": "Game_Speed",
								"value": "0.25"
							}
						}
					],
					"sid": 624643882583001,
					"children": [
						{
							"eventType": "block",
							"conditions": [
								{
									"id": "compare-eventvar",
									"objectClass": "System",
									"sid": 614953170641396,
									"parameters": {
										"variable": "Block_Spawn",
										"comparison": 0,
										"value": "\"Left\""
									}
								}
							],
							"actions": [
								{
									"id": "create-object",
									"objectClass": "System",
									"sid": 448974257441837,
									"parameters": {
										"object-to-create": "Collision_Block",
										"layer": "\"Collision\"",
										"x": "(ViewportLeft(\"Collision\") + ViewportRight(\"Collision\") / 2) - OriginalWindowWidth",
										"y": "Current_Block_Y - Block_Height",
										"create-hierarchy": false,
										"template-name": "\"\""
									}
								},
								{
									"id": "set-position",
									"objectClass": "Warning_Sign",
									"sid": 401206450048584,
									"parameters": {
										"x": "(ViewportLeft(Self.LayerName) + ViewportRight(Self.LayerName) / 2) - OriginalWindowWidth / 2",
										"y": "Collision_Block.Y - Block_Height"
									}
								},
								{
									"id": "set-animation-frame",
									"objectClass": "Warning_Sign",
									"sid": 879828068100990,
									"parameters": {
										"frame-number": "0"
									}
								},
								{
									"id": "set-instvar-value",
									"objectClass": "Collision_Block",
									"sid": 721752946966514,
									"parameters": {
										"instance-variable": "ID",
										"value": "Block_ID"
									}
								},
								{
									"id": "spawn-another-object",
									"objectClass": "Collision_Block",
									"sid": 139661971698397,
									"parameters": {
										"object": "Blocks",
										"layer": "\"Midground\"",
										"image-point": "0",
										"create-hierarchy": false,
										"template-name": "\"\""
									}
								},
								{
									"id": "set-animation",
									"objectClass": "Blocks",
									"sid": 479252119539282,
									"parameters": {
										"animation": "\"Level_\" & Level",
										"from": "beginning"
									}
								},
								{
									"id": "set-animation-frame",
									"objectClass": "Blocks",
									"sid": 975297115599844,
									"parameters": {
										"frame-number": "random(Self.AnimationFrameCount)"
									}
								},
								{
									"id": "pin-to-object",
									"objectClass": "Blocks",
									"sid": 215651365453231,
									"behaviorType": "Pin",
									"parameters": {
										"pin-to": "Collision_Block",
										"mode": "position-only"
									}
								},
								{
									"id": "set-instvar-value",
									"objectClass": "Blocks",
									"sid": 948220173176489,
									"parameters": {
										"instance-variable": "ID",
										"value": "Collision_Block.ID"
									}
								},
								{
									"id": "set-size",
									"objectClass": "Collision_Block",
									"sid": 777601947700102,
									"parameters": {
										"width": "Block_Width",
										"height": "Block_Height"
									}
								},
								{
									"id": "set-boolean-instvar",
									"objectClass": "Collision_Block",
									"sid": 780249634474231,
									"parameters": {
										"instance-variable": "Move_Right",
										"value": "true"
									}
								},
								{
									"id": "set-boolean-instvar",
									"objectClass": "Collision_Block",
									"sid": 743777302216056,
									"parameters": {
										"instance-variable": "Active",
										"value": "true"
									}
								},
								{
									"id": "set-eventvar-value",
									"objectClass": "System",
									"sid": 781348070180670,
									"parameters": {
										"variable": "Current_Block_Y",
										"value": "Current_Block_Y - Block_Height"
									}
								}
							],
							"sid": 759910715564186
						},
						{
							"eventType": "block",
							"conditions": [
								{
									"id": "compare-eventvar",
									"objectClass": "System",
									"sid": 230569543431533,
									"parameters": {
										"variable": "Block_Spawn",
										"comparison": 0,
										"value": "\"Right\""
									}
								}
							],
							"actions": [
								{
									"id": "create-object",
									"objectClass": "System",
									"sid": 752635180528807,
									"parameters": {
										"object-to-create": "Collision_Block",
										"layer": "\"Collision\"",
										"x": "(ViewportLeft(\"Collision\") + ViewportRight(\"Collision\") / 2) + OriginalWindowWidth",
										"y": "Current_Block_Y - Block_Height",
										"create-hierarchy": false,
										"template-name": "\"\""
									}
								},
								{
									"id": "set-position",
									"objectClass": "Warning_Sign",
									"sid": 968533556585455,
									"parameters": {
										"x": "(ViewportLeft(Self.LayerName) + ViewportRight(Self.LayerName) / 2) + OriginalWindowWidth / 2",
										"y": "Collision_Block.Y - Block_Height"
									}
								},
								{
									"id": "set-animation-frame",
									"objectClass": "Warning_Sign",
									"sid": 485520502029732,
									"parameters": {
										"frame-number": "1"
									}
								},
								{
									"id": "set-instvar-value",
									"objectClass": "Collision_Block",
									"sid": 934872124190042,
									"parameters": {
										"instance-variable": "ID",
										"value": "Block_ID"
									}
								},
								{
									"id": "spawn-another-object",
									"objectClass": "Collision_Block",
									"sid": 665711172566567,
									"parameters": {
										"object": "Blocks",
										"layer": "\"Midground\"",
										"image-point": "0",
										"create-hierarchy": false,
										"template-name": "\"\""
									}
								},
								{
									"id": "set-animation",
									"objectClass": "Blocks",
									"sid": 856036584199404,
									"parameters": {
										"animation": "\"Level_\" & Level",
										"from": "beginning"
									}
								},
								{
									"id": "set-animation-frame",
									"objectClass": "Blocks",
									"sid": 473625402644229,
									"parameters": {
										"frame-number": "random(Self.AnimationFrameCount)"
									}
								},
								{
									"id": "pin-to-object",
									"objectClass": "Blocks",
									"sid": 684275720976797,
									"behaviorType": "Pin",
									"parameters": {
										"pin-to": "Collision_Block",
										"mode": "position-only"
									}
								},
								{
									"id": "set-instvar-value",
									"objectClass": "Blocks",
									"sid": 385636073249362,
									"parameters": {
										"instance-variable": "ID",
										"value": "Collision_Block.ID"
									}
								},
								{
									"id": "set-size",
									"objectClass": "Collision_Block",
									"sid": 571219190961843,
									"parameters": {
										"width": "Block_Width",
										"height": "Block_Height"
									}
								},
								{
									"id": "set-boolean-instvar",
									"objectClass": "Collision_Block",
									"sid": 241247767838613,
									"parameters": {
										"instance-variable": "Move_Left",
										"value": "true"
									}
								},
								{
									"id": "set-boolean-instvar",
									"objectClass": "Collision_Block",
									"sid": 977068656370550,
									"parameters": {
										"instance-variable": "Active",
										"value": "true"
									}
								},
								{
									"id": "set-eventvar-value",
									"objectClass": "System",
									"sid": 409720529390923,
									"parameters": {
										"variable": "Current_Block_Y",
										"value": "Current_Block_Y - Block_Height"
									}
								}
							],
							"sid": 694893643458155
						}
					]
				},
				{
					"eventType": "block",
					"conditions": [
						{
							"id": "on-collision-with-another-object",
							"objectClass": "Warning_Sign",
							"sid": 104453425578592,
							"parameters": {
								"object": "Collision_Block"
							}
						}
					],
					"actions": [
						{
							"id": "set-y",
							"objectClass": "Warning_Sign",
							"sid": 757065841009928,
							"parameters": {
								"y": "- OriginalWindowHeight"
							}
						}
					],
					"sid": 724281174397865
				},
				{
					"eventType": "block",
					"conditions": [
						{
							"id": "on-collision-with-another-object",
							"objectClass": "Collision_Block",
							"sid": 734161031265420,
							"parameters": {
								"object": "Collision_Player"
							}
						},
						{
							"id": "compare-y",
							"objectClass": "Collision_Block",
							"sid": 534356896555052,
							"parameters": {
								"comparison": 5,
								"y-co-ordinate": "Collision_Player.Y - Block_Height"
							}
						},
						{
							"id": "compare-eventvar",
							"objectClass": "System",
							"sid": 564006398141079,
							"parameters": {
								"variable": "Game_Status",
								"comparison": 0,
								"value": "\"Play\""
							}
						}
					],
					"actions": [],
					"sid": 646250307388185,
					"children": [
						{
							"eventType": "block",
							"conditions": [
								{
									"id": "is-boolean-instance-variable-set",
									"objectClass": "Collision_Block",
									"sid": 582141997680147,
									"parameters": {
										"instance-variable": "Move_Right"
									}
								}
							],
							"actions": [
								{
									"id": "set-boolean-instvar",
									"objectClass": "Collision_Block",
									"sid": 158985392911722,
									"parameters": {
										"instance-variable": "Move_Right",
										"value": "false"
									}
								},
								{
									"id": "set-eventvar-value",
									"objectClass": "System",
									"sid": 978328751572620,
									"parameters": {
										"variable": "Bonus_X",
										"value": "1"
									}
								}
							],
							"sid": 843963042554802
						},
						{
							"eventType": "block",
							"conditions": [
								{
									"id": "is-boolean-instance-variable-set",
									"objectClass": "Collision_Block",
									"sid": 818333200831944,
									"parameters": {
										"instance-variable": "Move_Left"
									}
								}
							],
							"actions": [
								{
									"id": "set-boolean-instvar",
									"objectClass": "Collision_Block",
									"sid": 209928858833616,
									"parameters": {
										"instance-variable": "Move_Left",
										"value": "false"
									}
								},
								{
									"id": "set-eventvar-value",
									"objectClass": "System",
									"sid": 270906231533718,
									"parameters": {
										"variable": "Bonus_X",
										"value": "1"
									}
								}
							],
							"sid": 336240018648279
						}
					]
				},
				{
					"eventType": "block",
					"conditions": [
						{
							"id": "is-boolean-instance-variable-set",
							"objectClass": "Collision_Block",
							"sid": 350796108704876,
							"parameters": {
								"instance-variable": "Active"
							}
						},
						{
							"id": "is-boolean-instance-variable-set",
							"objectClass": "Collision_Block",
							"sid": 919125204396375,
							"parameters": {
								"instance-variable": "Move_Right"
							}
						},
						{
							"id": "compare-x",
							"objectClass": "Collision_Block",
							"sid": 308931283774778,
							"parameters": {
								"comparison": 2,
								"x-co-ordinate": "ViewportLeft(Self.LayerName) + ViewportRight(Self.LayerName) / 2"
							}
						},
						{
							"id": "compare-eventvar",
							"objectClass": "System",
							"sid": 667454799560733,
							"parameters": {
								"variable": "Game_Status",
								"comparison": 0,
								"value": "\"Play\""
							}
						}
					],
					"actions": [
						{
							"id": "set-x",
							"objectClass": "Collision_Block",
							"sid": 719351741053269,
							"parameters": {
								"x": "Self.X + Game_Speed"
							}
						}
					],
					"sid": 195804165514989
				},
				{
					"eventType": "block",
					"conditions": [
						{
							"id": "is-boolean-instance-variable-set",
							"objectClass": "Collision_Block",
							"sid": 628141602489633,
							"parameters": {
								"instance-variable": "Move_Right"
							}
						},
						{
							"id": "compare-x",
							"objectClass": "Collision_Block",
							"sid": 326896787489081,
							"parameters": {
								"comparison": 4,
								"x-co-ordinate": "ViewportLeft(Self.LayerName) + ViewportRight(Self.LayerName) / 2"
							}
						}
					],
					"actions": [
						{
							"id": "set-x",
							"objectClass": "Collision_Block",
							"sid": 600146163749515,
							"parameters": {
								"x": "ViewportLeft(Self.LayerName) + ViewportRight(Self.LayerName) / 2"
							}
						},
						{
							"id": "set-boolean-instvar",
							"objectClass": "Collision_Block",
							"sid": 576120466970156,
							"parameters": {
								"instance-variable": "Move_Right",
								"value": "false"
							}
						}
					],
					"sid": 219766402223226
				},
				{
					"eventType": "block",
					"conditions": [
						{
							"id": "is-boolean-instance-variable-set",
							"objectClass": "Collision_Block",
							"sid": 226233598940251,
							"parameters": {
								"instance-variable": "Active"
							}
						},
						{
							"id": "is-boolean-instance-variable-set",
							"objectClass": "Collision_Block",
							"sid": 622720031974998,
							"parameters": {
								"instance-variable": "Move_Left"
							}
						},
						{
							"id": "compare-x",
							"objectClass": "Collision_Block",
							"sid": 417945841391386,
							"parameters": {
								"comparison": 4,
								"x-co-ordinate": "ViewportLeft(Self.LayerName) + ViewportRight(Self.LayerName) / 2"
							}
						},
						{
							"id": "compare-eventvar",
							"objectClass": "System",
							"sid": 537809191853117,
							"parameters": {
								"variable": "Game_Status",
								"comparison": 0,
								"value": "\"Play\""
							}
						}
					],
					"actions": [
						{
							"id": "set-x",
							"objectClass": "Collision_Block",
							"sid": 733249347531224,
							"parameters": {
								"x": "Self.X - Game_Speed"
							}
						}
					],
					"sid": 138298858383829
				},
				{
					"eventType": "block",
					"conditions": [
						{
							"id": "is-boolean-instance-variable-set",
							"objectClass": "Collision_Block",
							"sid": 574088122479625,
							"parameters": {
								"instance-variable": "Move_Left"
							}
						},
						{
							"id": "compare-x",
							"objectClass": "Collision_Block",
							"sid": 636023003113823,
							"parameters": {
								"comparison": 2,
								"x-co-ordinate": "ViewportLeft(Self.LayerName) + ViewportRight(Self.LayerName) / 2"
							}
						}
					],
					"actions": [
						{
							"id": "set-x",
							"objectClass": "Collision_Block",
							"sid": 354102284139240,
							"parameters": {
								"x": "ViewportLeft(Self.LayerName) + ViewportRight(Self.LayerName) / 2"
							}
						},
						{
							"id": "set-boolean-instvar",
							"objectClass": "Collision_Block",
							"sid": 854100019930984,
							"parameters": {
								"instance-variable": "Move_Left",
								"value": "false"
							}
						}
					],
					"sid": 228104504647632
				},
				{
					"eventType": "block",
					"conditions": [
						{
							"id": "is-boolean-instance-variable-set",
							"objectClass": "Collision_Block",
							"sid": 954117130077408,
							"parameters": {
								"instance-variable": "Active"
							}
						},
						{
							"id": "compare-x",
							"objectClass": "Collision_Block",
							"sid": 830328393507716,
							"parameters": {
								"comparison": 0,
								"x-co-ordinate": "ViewportLeft(Self.LayerName) + ViewportRight(Self.LayerName) / 2"
							}
						}
					],
					"actions": [
						{
							"id": "play",
							"objectClass": "Audio",
							"sid": 597886224331982,
							"parameters": {
								"audio-file": "bonus",
								"loop": "not-looping",
								"volume": "Sound",
								"stereo-pan": "0",
								"tag-optional": "\"Sound\""
							}
						},
						{
							"id": "set-boolean-instvar",
							"objectClass": "Collision_Block",
							"sid": 806679680218369,
							"parameters": {
								"instance-variable": "Active",
								"value": "false"
							}
						},
						{
							"id": "add-to-eventvar",
							"objectClass": "System",
							"sid": 129311005392065,
							"parameters": {
								"variable": "Bonus_X",
								"value": "1"
							}
						},
						{
							"id": "restart-fade",
							"objectClass": "Bonus_Font",
							"sid": 121273412993444,
							"behaviorType": "Fade"
						},
						{
							"id": "set-text",
							"objectClass": "Bonus_Font",
							"sid": 234455079554869,
							"parameters": {
								"text": "\"BONUS X\" & Bonus_X"
							}
						}
					],
					"sid": 236706537280028,
					"children": [
						{
							"eventType": "block",
							"conditions": [
								{
									"id": "compare-instance-variable",
									"objectClass": "Blocks",
									"sid": 127671561868726,
									"parameters": {
										"instance-variable": "ID",
										"comparison": 0,
										"value": "Collision_Block.ID"
									}
								}
							],
							"actions": [
								{
									"id": "set-blend-mode",
									"objectClass": "Blocks",
									"sid": 353986588712475,
									"parameters": {
										"blend-mode": "additive"
									}
								},
								{
									"id": "wait",
									"objectClass": "System",
									"sid": 243910187434435,
									"parameters": {
										"seconds": "0.5"
									}
								},
								{
									"id": "set-blend-mode",
									"objectClass": "Blocks",
									"sid": 677748537745416,
									"parameters": {
										"blend-mode": "normal"
									}
								}
							],
							"sid": 667386203662011
						}
					]
				}
			],
			"sid": 120280931608280
		}
	],
	"sid": 793909899397612
}