{
	"name": "Game_Complete_Event",
	"events": [
		{
			"eventType": "include",
			"includeSheet": "Effects_Event"
		},
		{
			"eventType": "include",
			"includeSheet": "Global_Event"
		},
		{
			"eventType": "include",
			"includeSheet": "Shadow_Event"
		},
		{
			"eventType": "group",
			"disabled": false,
			"title": "Game_Complete_Settings",
			"description": "",
			"isActiveOnStart": true,
			"children": [
				{
					"eventType": "block",
					"conditions": [
						{
							"id": "on-start-of-layout",
							"objectClass": "System",
							"sid": 1070183775026327
						}
					],
					"actions": [
						{
							"id": "set-text",
							"objectClass": "Game_Score_Font",
							"sid": 5853009659682317,
							"parameters": {
								"text": "Score"
							}
						}
					],
					"sid": 3651728376413449
				},
				{
					"eventType": "block",
					"conditions": [
						{
							"id": "every-tick",
							"objectClass": "System",
							"sid": 3671005036698643
						}
					],
					"actions": [
						{
							"id": "set-position",
							"objectClass": "Text_You_Won",
							"sid": 795960163221086,
							"parameters": {
								"x": "(ViewportLeft(Self.LayerName) + ViewportRight(Self.LayerName) ) / 2",
								"y": "ViewportTop(Self.LayerName) + (Self.Height * 1.5) + Current_Distance"
							}
						},
						{
							"id": "set-position",
							"objectClass": "Game_Score_Font",
							"sid": 612920485947054,
							"parameters": {
								"x": "(ViewportLeft(Self.LayerName) + ViewportRight(Self.LayerName) ) / 2",
								"y": "(ViewportTop(Self.LayerName) + ViewportBottom(Self.LayerName) ) / 2 - Self.Height / 2"
							}
						},
						{
							"id": "set-position-to-another-object",
							"objectClass": "Sun_Rays",
							"sid": 9538152171713054,
							"parameters": {
								"object": "Game_Score_Font",
								"image-point-optional": "0"
							}
						},
						{
							"id": "set-position-to-another-object",
							"objectClass": "Top_Score_Font",
							"sid": 164053714466851,
							"parameters": {
								"object": "Window_Top_Score",
								"image-point-optional": "0"
							}
						},
						{
							"id": "set-position",
							"objectClass": "Button_Music",
							"sid": 745375044500323,
							"parameters": {
								"x": "(ViewportLeft(Self.LayerName) + ViewportRight(Self.LayerName) ) / 2 - Self.Width_Size * 3",
								"y": "ViewportBottom(Self.LayerName) - Self.Height_Size - Current_Distance"
							}
						},
						{
							"id": "set-position",
							"objectClass": "Button_Menu",
							"sid": 728819973932450,
							"parameters": {
								"x": "(ViewportLeft(Self.LayerName) + ViewportRight(Self.LayerName) ) / 2",
								"y": "ViewportBottom(Self.LayerName) - Self.Height_Size - Current_Distance"
							}
						},
						{
							"id": "set-position",
							"objectClass": "Button_Sound",
							"sid": 862052367257609,
							"parameters": {
								"x": "(ViewportLeft(Self.LayerName) + ViewportRight(Self.LayerName) ) / 2 + Self.Width_Size * 3",
								"y": "ViewportBottom(Self.LayerName) - Self.Height_Size - Current_Distance"
							}
						}
					],
					"sid": 5984994842060058
				}
			],
			"sid": 9293649698430176
		}
	],
	"sid": 725572313164629
}