{"name":"Shadow_Event","tabColor":[0.9999999999999999,0.8000000000000002,0.9499999999999998,1],"tabTextColor":null,"uiState":{"viewsUIState":[],"bookmark":false,"eventsUIState":[{"viewsUIState":[],"bookmark":false,"children":[{"viewsUIState":[],"bookmark":false,"children":[]},{"viewsUIState":[],"bookmark":false,"children":[{"viewsUIState":[],"bookmark":false,"children":[]},{"viewsUIState":[],"bookmark":false,"children":[]}]},{"viewsUIState":[],"bookmark":false,"children":[{"viewsUIState":[],"bookmark":false,"children":[]},{"viewsUIState":[],"bookmark":false,"children":[]}]}]}]}}