{
	"name": "Effects_Event",
	"events": [
		{
			"eventType": "group",
			"disabled": false,
			"title": "Effects_For_Other_Events",
			"description": "",
			"isActiveOnStart": true,
			"children": [
				{
					"eventType": "block",
					"conditions": [
						{
							"id": "on-start-of-layout",
							"objectClass": "System",
							"sid": 542862412663494
						}
					],
					"actions": [
						{
							"id": "set-animation-frame",
							"objectClass": "Backgrounds",
							"sid": 141432338993909,
							"parameters": {
								"frame-number": "Level - 1"
							}
						},
						{
							"id": "set-animation-frame",
							"objectClass": "Grounds",
							"sid": 746354065351485,
							"parameters": {
								"frame-number": "Level - 1"
							}
						}
					],
					"sid": 104822855117654,
					"children": [
						{
							"eventType": "block",
							"conditions": [
								{
									"id": "compare-eventvar",
									"objectClass": "System",
									"sid": 339090534790784,
									"parameters": {
										"variable": "Level",
										"comparison": 0,
										"value": "1"
									}
								}
							],
							"actions": [
								{
									"id": "create-object",
									"objectClass": "System",
									"sid": 325978840951102,
									"parameters": {
										"object-to-create": "Background_1_Moon",
										"layer": "\"Gui\"",
										"x": "0",
										"y": "0",
										"create-hierarchy": false,
										"template-name": "\"\""
									}
								},
								{
									"id": "move-to-bottom",
									"objectClass": "Background_1_Moon",
									"sid": 357899894350215
								}
							],
							"sid": 275830748758272
						},
						{
							"eventType": "block",
							"conditions": [
								{
									"id": "compare-eventvar",
									"objectClass": "System",
									"sid": 611631495320368,
									"parameters": {
										"variable": "Level",
										"comparison": 0,
										"value": "6"
									}
								}
							],
							"actions": [
								{
									"id": "create-object",
									"objectClass": "System",
									"sid": 262455050209271,
									"parameters": {
										"object-to-create": "Background_6_Moon",
										"layer": "\"Gui\"",
										"x": "0",
										"y": "0",
										"create-hierarchy": false,
										"template-name": "\"\""
									}
								},
								{
									"id": "move-to-bottom",
									"objectClass": "Background_6_Moon",
									"sid": 887332502446759
								}
							],
							"sid": 367709639469503
						}
					]
				},
				{
					"eventType": "block",
					"conditions": [
						{
							"id": "every-tick",
							"objectClass": "System",
							"sid": 346901141562685
						}
					],
					"actions": [
						{
							"id": "set-y",
							"objectClass": "Grounds",
							"sid": 552306328458190,
							"parameters": {
								"y": "ViewportBottom(Self.LayerName)"
							}
						},
						{
							"id": "set-position",
							"objectClass": "Background_1_Moon",
							"sid": 988566690833986,
							"parameters": {
								"x": "ViewportLeft(Self.LayerName) + Self.Width * 0.5",
								"y": "ViewportTop(Self.LayerName) + Self.Height"
							}
						},
						{
							"id": "set-position",
							"objectClass": "Background_6_Moon",
							"sid": 423186784036967,
							"parameters": {
								"x": "ViewportLeft(Self.LayerName) + ViewportRight(Self.LayerName) / 2",
								"y": "ViewportTop(Self.LayerName) + Self.Height / 2"
							}
						}
					],
					"sid": 203721554253511
				},
				{
					"eventType": "block",
					"conditions": [
						{
							"id": "compare-eventvar",
							"objectClass": "System",
							"sid": 284599363918824,
							"parameters": {
								"variable": "Level",
								"comparison": 0,
								"value": "1"
							}
						},
						{
							"id": "compare-eventvar",
							"objectClass": "System",
							"sid": 594435449031243,
							"parameters": {
								"variable": "Level",
								"comparison": 0,
								"value": "4"
							}
						},
						{
							"id": "compare-eventvar",
							"objectClass": "System",
							"sid": 677392062108567,
							"parameters": {
								"variable": "Level",
								"comparison": 0,
								"value": "6"
							}
						}
					],
					"actions": [
						{
							"id": "set-angle",
							"objectClass": "Background_Stars",
							"sid": 756245108081686,
							"parameters": {
								"angle": "Self.Angle + 2.5"
							}
						}
					],
					"sid": 663430390241338,
					"children": [
						{
							"eventType": "block",
							"conditions": [
								{
									"id": "every-x-seconds",
									"objectClass": "System",
									"sid": 128952471840849,
									"parameters": {
										"interval-seconds": "random(0.1)"
									}
								}
							],
							"actions": [
								{
									"id": "create-object",
									"objectClass": "System",
									"sid": 878681723087859,
									"parameters": {
										"object-to-create": "Background_Stars",
										"layer": "\"Background\"",
										"x": "random(ViewportLeft(\"Background\"), ViewportRight(\"Background\"))",
										"y": "random(ViewportTop(\"Background\"), ViewportBottom(\"Background\") / 2.5)",
										"create-hierarchy": false,
										"template-name": "\"\""
									}
								},
								{
									"id": "set-animation",
									"objectClass": "Background_Stars",
									"sid": 957018578571411,
									"parameters": {
										"animation": "\"Level_\" & Level",
										"from": "beginning"
									}
								},
								{
									"id": "set-instvar-value",
									"objectClass": "Background_Stars",
									"sid": 219383305958447,
									"parameters": {
										"instance-variable": "Size",
										"value": "Self.Width / round(random(1, 4))"
									}
								},
								{
									"id": "set-size",
									"objectClass": "Background_Stars",
									"sid": 634244110202189,
									"parameters": {
										"width": "Self.Size",
										"height": "Self.Size"
									}
								}
							],
							"sid": 342406221694227
						}
					],
					"isOrBlock": true
				},
				{
					"eventType": "block",
					"conditions": [
						{
							"id": "compare-eventvar",
							"objectClass": "System",
							"sid": 425082527975889,
							"parameters": {
								"variable": "Level",
								"comparison": 0,
								"value": "5"
							}
						}
					],
					"actions": [
						{
							"id": "set-y",
							"objectClass": "Background_5_Bubble",
							"sid": 783283816397056,
							"parameters": {
								"y": "Self.Y - Self.Size / 2"
							}
						}
					],
					"sid": 955456581666040,
					"children": [
						{
							"eventType": "block",
							"conditions": [
								{
									"id": "every-x-seconds",
									"objectClass": "System",
									"sid": 888703389253629,
									"parameters": {
										"interval-seconds": "0.2"
									}
								}
							],
							"actions": [
								{
									"id": "create-object",
									"objectClass": "System",
									"sid": 292564828635237,
									"parameters": {
										"object-to-create": "Background_5_Bubble",
										"layer": "\"Background\"",
										"x": "(ViewportLeft(\"Background\") + ViewportRight(\"Background\") / 2) + random(- OriginalWindowWidth / 2, OriginalWindowWidth / 2)",
										"y": "ViewportBottom(\"Background\")",
										"create-hierarchy": false,
										"template-name": "\"\""
									}
								},
								{
									"id": "set-instvar-value",
									"objectClass": "Background_5_Bubble",
									"sid": 772684663043122,
									"parameters": {
										"instance-variable": "Size",
										"value": "round(random(8, 16))"
									}
								},
								{
									"id": "set-size",
									"objectClass": "Background_5_Bubble",
									"sid": 709795818431591,
									"parameters": {
										"width": "Self.Size",
										"height": "Self.Size"
									}
								},
								{
									"id": "set-opacity",
									"objectClass": "Background_5_Bubble",
									"sid": 274044778837945,
									"parameters": {
										"opacity": "random(50, 100)"
									}
								}
							],
							"sid": 625020191964342
						}
					]
				},
				{
					"eventType": "block",
					"conditions": [
						{
							"id": "compare-y",
							"objectClass": "Background_5_Bubble",
							"sid": 136309856158816,
							"parameters": {
								"comparison": 2,
								"y-co-ordinate": "ViewportTop(Self.LayerName) - OriginalWindowHeight / 6"
							}
						}
					],
					"actions": [
						{
							"id": "destroy",
							"objectClass": "Background_5_Bubble",
							"sid": 421525800835071
						}
					],
					"sid": 660937289534859
				}
			],
			"sid": 171550260488692
		}
	],
	"sid": 419564232390772
}