{
	"name": "Global_Event",
	"events": [
		{
			"eventType": "variable",
			"name": "Sound",
			"type": "number",
			"initialValue": "0",
			"comment": "Unit, sound volume measurement (Located in the group: \"Audio_Settings\")",
			"isStatic": false,
			"isConstant": false,
			"sid": 1981177404082908
		},
		{
			"eventType": "variable",
			"name": "Sound_Status",
			"type": "number",
			"initialValue": "1",
			"comment": "Variable for complete control over sound (Located in the group: \"Audio_Settings\")",
			"isStatic": false,
			"isConstant": false,
			"sid": 3420525963544558
		},
		{
			"eventType": "variable",
			"name": "Music",
			"type": "number",
			"initialValue": "0",
			"comment": "Unit, music volume measurement (Located in the group: \"Audio_Settings\")",
			"isStatic": false,
			"isConstant": false,
			"sid": 3881083070844171
		},
		{
			"eventType": "variable",
			"name": "Music_Status",
			"type": "number",
			"initialValue": "1",
			"comment": "Variable for complete control over music (Located in the group: \"Audio_Settings\")",
			"isStatic": false,
			"isConstant": false,
			"sid": 8349029328748209
		},
		{
			"eventType": "variable",
			"name": "Fullscreen",
			"type": "number",
			"initialValue": "0",
			"comment": "If the value is zero, the display function of the entire screen is turned off if the value is equal to one, then the image function is enabled in full screen (Located in the group: \"Fullscreen_Settings\")",
			"isStatic": false,
			"isConstant": false,
			"sid": 4696602114087996
		},
		{
			"eventType": "variable",
			"name": "Size_Difference",
			"type": "number",
			"initialValue": "0",
			"comment": "The difference between the current and original screen size (Located in the group: \"Screen_Size_Settings\")",
			"isStatic": false,
			"isConstant": false,
			"sid": 471847822859533
		},
		{
			"eventType": "variable",
			"name": "Current_Distance",
			"type": "number",
			"initialValue": "0",
			"comment": "Current distance between the object (Located in the group: \"Screen_Size_Settings\")",
			"isStatic": false,
			"isConstant": false,
			"sid": 135044845359465
		},
		{
			"eventType": "variable",
			"name": "DISTANCE_BETWEEN_OBJECTS",
			"type": "number",
			"initialValue": "15",
			"comment": "Original distance between the object (Located in the group: \"Screen_Size_Settings\")",
			"isStatic": false,
			"isConstant": true,
			"sid": 822784110185116
		},
		{
			"eventType": "group",
			"disabled": false,
			"title": "Global_Settings",
			"description": "",
			"isActiveOnStart": true,
			"children": [
				{
					"eventType": "block",
					"conditions": [
						{
							"id": "on-start-of-layout",
							"objectClass": "System",
							"sid": 792232832744433
						}
					],
					"actions": [
						{
							"id": "set-instvar-value",
							"objectClass": "Buttons",
							"sid": 296492585379864,
							"parameters": {
								"instance-variable": "Width_Size",
								"value": "Self.Width"
							}
						},
						{
							"id": "set-instvar-value",
							"objectClass": "Buttons",
							"sid": 219565467877962,
							"parameters": {
								"instance-variable": "Height_Size",
								"value": "Self.Height"
							}
						},
						{
							"id": "check-item-exists",
							"objectClass": "LocalStorage",
							"sid": 858030161046252,
							"parameters": {
								"key": "projectname & \"Top_Score\""
							}
						}
					],
					"sid": 128289668447065
				},
				{
					"eventType": "block",
					"conditions": [
						{
							"id": "on-item-exists",
							"objectClass": "LocalStorage",
							"sid": 800619926594795,
							"parameters": {
								"key": "projectname & \"Top_Score\""
							}
						}
					],
					"actions": [
						{
							"id": "set-eventvar-value",
							"objectClass": "System",
							"sid": 813625164821524,
							"parameters": {
								"variable": "Top_Score",
								"value": "LocalStorage.ItemValue"
							}
						},
						{
							"id": "set-text",
							"objectClass": "Top_Score_Font",
							"sid": 713889190896938,
							"parameters": {
								"text": "\"TOP SCORE:\" & Top_Score"
							}
						}
					],
					"sid": 566920143851338
				}
			],
			"sid": 8669443163767403
		},
		{
			"eventType": "group",
			"disabled": false,
			"title": "Button_Menu",
			"description": "Button to go to the main menu.",
			"isActiveOnStart": true,
			"children": [
				{
					"eventType": "block",
					"conditions": [
						{
							"id": "on-touched-object",
							"objectClass": "Touch",
							"sid": 6737401635936451,
							"parameters": {
								"object": "Button_Menu",
								"type": "start"
							}
						},
						{
							"id": "compare-animation-frame",
							"objectClass": "Button_Menu",
							"sid": 4484799865014507,
							"parameters": {
								"comparison": 0,
								"number": "1"
							}
						},
						{
							"id": "is-group-active",
							"objectClass": "System",
							"sid": 716913018932946,
							"parameters": {
								"group-name": "\"Shadow_In_Settings\""
							},
							"isInverted": true
						},
						{
							"id": "is-group-active",
							"objectClass": "System",
							"sid": 4837634759008164,
							"parameters": {
								"group-name": "\"Shadow_Out_Settings\""
							},
							"isInverted": true
						}
					],
					"actions": [
						{
							"id": "play",
							"objectClass": "Audio",
							"sid": 5349960720167135,
							"parameters": {
								"audio-file": "button",
								"loop": "not-looping",
								"volume": "Sound",
								"stereo-pan": "0",
								"tag-optional": "\"Sound\""
							}
						},
						{
							"id": "start-animation",
							"objectClass": "Button_Menu",
							"sid": 9235881669449092,
							"parameters": {
								"from": "beginning"
							}
						},
						{
							"id": "set-group-active",
							"objectClass": "System",
							"sid": 3492179179576375,
							"parameters": {
								"group-name": "\"Shadow_In_Settings\"",
								"state": "activated"
							}
						},
						{
							"id": "wait-for-signal",
							"objectClass": "System",
							"sid": 1305407627750082,
							"parameters": {
								"tag": "\"Shadow_In\""
							}
						},
						{
							"id": "go-to-layout",
							"objectClass": "System",
							"sid": 5367997220525975,
							"parameters": {
								"layout": "Menu"
							}
						}
					],
					"sid": 271096605292986
				}
			],
			"sid": 205594769875942
		},
		{
			"eventType": "group",
			"disabled": false,
			"title": "Audio_Settings",
			"description": "Sound and music settings in the game. Audio slider bars are displayed when you press the pause button.",
			"isActiveOnStart": true,
			"children": [
				{
					"eventType": "block",
					"conditions": [
						{
							"id": "on-start-of-layout",
							"objectClass": "System",
							"sid": 646558175859123
						}
					],
					"actions": [
						{
							"id": "check-item-exists",
							"objectClass": "LocalStorage",
							"sid": 467331394797810,
							"parameters": {
								"key": "projectname & \"Sound_Status\""
							}
						},
						{
							"id": "check-item-exists",
							"objectClass": "LocalStorage",
							"sid": 881604714197129,
							"parameters": {
								"key": "projectname & \"Music_Status\""
							}
						},
						{
							"id": "check-item-exists",
							"objectClass": "LocalStorage",
							"sid": 484627713178836,
							"parameters": {
								"key": "projectname & \"Sound\""
							}
						},
						{
							"id": "check-item-exists",
							"objectClass": "LocalStorage",
							"sid": 531913657836535,
							"parameters": {
								"key": "projectname & \"Music\""
							}
						}
					],
					"sid": 120603508582613
				},
				{
					"eventType": "block",
					"conditions": [
						{
							"id": "on-item-exists",
							"objectClass": "LocalStorage",
							"sid": 544535784931697,
							"parameters": {
								"key": "projectname & \"Sound_Status\""
							}
						}
					],
					"actions": [
						{
							"id": "set-eventvar-value",
							"objectClass": "System",
							"sid": 159360715386819,
							"parameters": {
								"variable": "Sound_Status",
								"value": "LocalStorage.ItemValue"
							}
						}
					],
					"sid": 263094652049299
				},
				{
					"eventType": "block",
					"conditions": [
						{
							"id": "on-item-missing",
							"objectClass": "LocalStorage",
							"sid": 500344617938371,
							"parameters": {
								"key": "projectname & \"Sound_Status\""
							}
						}
					],
					"actions": [
						{
							"id": "set-eventvar-value",
							"objectClass": "System",
							"sid": 418551929155880,
							"parameters": {
								"variable": "Sound_Status",
								"value": "1"
							}
						}
					],
					"sid": 328821801953214
				},
				{
					"eventType": "block",
					"conditions": [
						{
							"id": "on-item-exists",
							"objectClass": "LocalStorage",
							"sid": 826734147617568,
							"parameters": {
								"key": "projectname & \"Music_Status\""
							}
						}
					],
					"actions": [
						{
							"id": "set-eventvar-value",
							"objectClass": "System",
							"sid": 828940877069776,
							"parameters": {
								"variable": "Music_Status",
								"value": "LocalStorage.ItemValue"
							}
						}
					],
					"sid": 120203345484712
				},
				{
					"eventType": "block",
					"conditions": [
						{
							"id": "on-item-missing",
							"objectClass": "LocalStorage",
							"sid": 908045770100359,
							"parameters": {
								"key": "projectname & \"Music_Status\""
							}
						}
					],
					"actions": [
						{
							"id": "set-eventvar-value",
							"objectClass": "System",
							"sid": 450395935789162,
							"parameters": {
								"variable": "Music_Status",
								"value": "1"
							}
						}
					],
					"sid": 678833723426718
				},
				{
					"eventType": "comment",
					"text": "Loading, sound volume measurement"
				},
				{
					"eventType": "block",
					"conditions": [
						{
							"id": "on-item-exists",
							"objectClass": "LocalStorage",
							"sid": 310150466515605,
							"parameters": {
								"key": "projectname & \"Sound\""
							}
						}
					],
					"actions": [
						{
							"id": "set-eventvar-value",
							"objectClass": "System",
							"sid": 439481005944484,
							"parameters": {
								"variable": "Sound",
								"value": "LocalStorage.ItemValue"
							}
						}
					],
					"sid": 741681921309147
				},
				{
					"eventType": "block",
					"conditions": [
						{
							"id": "on-item-missing",
							"objectClass": "LocalStorage",
							"sid": 341286091410017,
							"parameters": {
								"key": "projectname & \"Sound\""
							}
						}
					],
					"actions": [
						{
							"id": "set-eventvar-value",
							"objectClass": "System",
							"sid": 266734332331629,
							"parameters": {
								"variable": "Sound",
								"value": "0"
							}
						}
					],
					"sid": 588639463843040
				},
				{
					"eventType": "comment",
					"text": "Loading, music volume measurement"
				},
				{
					"eventType": "block",
					"conditions": [
						{
							"id": "on-item-exists",
							"objectClass": "LocalStorage",
							"sid": 411074047262420,
							"parameters": {
								"key": "projectname & \"Music\""
							}
						}
					],
					"actions": [
						{
							"id": "set-eventvar-value",
							"objectClass": "System",
							"sid": 948919413884044,
							"parameters": {
								"variable": "Music",
								"value": "LocalStorage.ItemValue"
							}
						}
					],
					"sid": 140530818407298
				},
				{
					"eventType": "block",
					"conditions": [
						{
							"id": "on-item-missing",
							"objectClass": "LocalStorage",
							"sid": 831917844815381,
							"parameters": {
								"key": "projectname & \"Music\""
							}
						}
					],
					"actions": [
						{
							"id": "set-eventvar-value",
							"objectClass": "System",
							"sid": 227997637826264,
							"parameters": {
								"variable": "Music",
								"value": "0"
							}
						}
					],
					"sid": 406312127814872
				},
				{
					"eventType": "block",
					"conditions": [
						{
							"id": "compare-eventvar",
							"objectClass": "System",
							"sid": 897027119065863,
							"parameters": {
								"variable": "Sound_Status",
								"comparison": 0,
								"value": "0"
							}
						}
					],
					"actions": [
						{
							"id": "set-eventvar-value",
							"objectClass": "System",
							"sid": 266266419437027,
							"parameters": {
								"variable": "Sound",
								"value": "-100"
							}
						}
					],
					"sid": 974732132573462
				},
				{
					"eventType": "block",
					"conditions": [
						{
							"id": "compare-eventvar",
							"objectClass": "System",
							"sid": 681112204615609,
							"parameters": {
								"variable": "Sound_Status",
								"comparison": 0,
								"value": "1"
							}
						}
					],
					"actions": [
						{
							"id": "check-item-exists",
							"objectClass": "LocalStorage",
							"sid": 409474089107108,
							"parameters": {
								"key": "projectname & \"Sound\""
							}
						}
					],
					"sid": 439889123227298
				},
				{
					"eventType": "block",
					"conditions": [
						{
							"id": "compare-eventvar",
							"objectClass": "System",
							"sid": 492770510994004,
							"parameters": {
								"variable": "Music_Status",
								"comparison": 0,
								"value": "0"
							}
						}
					],
					"actions": [
						{
							"id": "set-eventvar-value",
							"objectClass": "System",
							"sid": 628529519806625,
							"parameters": {
								"variable": "Music",
								"value": "-100"
							}
						}
					],
					"sid": 425899394948552
				},
				{
					"eventType": "block",
					"conditions": [
						{
							"id": "compare-eventvar",
							"objectClass": "System",
							"sid": 109166998693863,
							"parameters": {
								"variable": "Music_Status",
								"comparison": 0,
								"value": "1"
							}
						}
					],
					"actions": [
						{
							"id": "check-item-exists",
							"objectClass": "LocalStorage",
							"sid": 700657671278588,
							"parameters": {
								"key": "projectname & \"Music\""
							}
						}
					],
					"sid": 223620320066007
				},
				{
					"eventType": "block",
					"conditions": [
						{
							"id": "is-processing-gets",
							"objectClass": "LocalStorage",
							"sid": 756540305191606
						}
					],
					"actions": [
						{
							"id": "set-eventvar-value",
							"objectClass": "System",
							"sid": 954547357555205,
							"parameters": {
								"variable": "Music",
								"value": "LocalStorage.ItemValue"
							}
						}
					],
					"sid": 371704611941732
				},
				{
					"eventType": "comment",
					"text": "Setting the volume for sound and music, every tick "
				},
				{
					"eventType": "block",
					"conditions": [
						{
							"id": "every-tick",
							"objectClass": "System",
							"sid": 910748389010752
						}
					],
					"actions": [
						{
							"id": "set-volume",
							"objectClass": "Audio",
							"sid": 541981113845562,
							"parameters": {
								"tag": "\"Sound\"",
								"db": "Sound"
							}
						},
						{
							"id": "set-volume",
							"objectClass": "Audio",
							"sid": 995529440801555,
							"parameters": {
								"tag": "\"Music\"",
								"db": "Music"
							}
						},
						{
							"id": "set-animation-frame",
							"objectClass": "Button_Sound",
							"sid": 456440405838029,
							"parameters": {
								"frame-number": "Sound_Status"
							}
						},
						{
							"id": "set-animation-frame",
							"objectClass": "Button_Music",
							"sid": 908009018997524,
							"parameters": {
								"frame-number": "Music_Status"
							}
						}
					],
					"sid": 400698387924451
				},
				{
					"eventType": "block",
					"conditions": [
						{
							"id": "on-touched-object",
							"objectClass": "Touch",
							"sid": 573919306557899,
							"parameters": {
								"object": "Button_Sound",
								"type": "start"
							}
						},
						{
							"id": "compare-animation-frame",
							"objectClass": "Button_Sound",
							"sid": 595498571766170,
							"parameters": {
								"comparison": 0,
								"number": "Sound_Status"
							}
						},
						{
							"id": "is-group-active",
							"objectClass": "System",
							"sid": 359538039971440,
							"parameters": {
								"group-name": "\"Shadow_In_Settings\""
							},
							"isInverted": true
						},
						{
							"id": "is-group-active",
							"objectClass": "System",
							"sid": 643304421105479,
							"parameters": {
								"group-name": "\"Shadow_Out_Settings\""
							},
							"isInverted": true
						}
					],
					"actions": [
						{
							"id": "play",
							"objectClass": "Audio",
							"sid": 718641659900157,
							"parameters": {
								"audio-file": "button",
								"loop": "not-looping",
								"volume": "Sound",
								"stereo-pan": "0",
								"tag-optional": "\"Sound\""
							}
						}
					],
					"sid": 215802052997871,
					"children": [
						{
							"eventType": "block",
							"conditions": [
								{
									"id": "compare-eventvar",
									"objectClass": "System",
									"sid": 998446785777154,
									"parameters": {
										"variable": "Sound_Status",
										"comparison": 0,
										"value": "1"
									}
								}
							],
							"actions": [
								{
									"id": "set-eventvar-value",
									"objectClass": "System",
									"sid": 301896349757157,
									"parameters": {
										"variable": "Sound_Status",
										"value": "0"
									}
								},
								{
									"id": "set-item",
									"objectClass": "LocalStorage",
									"sid": 951754332594475,
									"parameters": {
										"key": "projectname & \"Sound_Status\"",
										"value": "Sound_Status"
									}
								}
							],
							"sid": 876275910225036
						},
						{
							"eventType": "block",
							"conditions": [
								{
									"id": "else",
									"objectClass": "System",
									"sid": 238821251703110
								}
							],
							"actions": [
								{
									"id": "set-eventvar-value",
									"objectClass": "System",
									"sid": 224352877903729,
									"parameters": {
										"variable": "Sound_Status",
										"value": "1"
									}
								},
								{
									"id": "set-item",
									"objectClass": "LocalStorage",
									"sid": 278332472683788,
									"parameters": {
										"key": "projectname & \"Sound_Status\"",
										"value": "Sound_Status"
									}
								}
							],
							"sid": 685727565421064
						}
					]
				},
				{
					"eventType": "block",
					"conditions": [
						{
							"id": "on-touched-object",
							"objectClass": "Touch",
							"sid": 417103528260558,
							"parameters": {
								"object": "Button_Music",
								"type": "start"
							}
						},
						{
							"id": "compare-animation-frame",
							"objectClass": "Button_Music",
							"sid": 746856460708307,
							"parameters": {
								"comparison": 0,
								"number": "Music_Status"
							}
						},
						{
							"id": "is-group-active",
							"objectClass": "System",
							"sid": 618152355042454,
							"parameters": {
								"group-name": "\"Shadow_In_Settings\""
							},
							"isInverted": true
						},
						{
							"id": "is-group-active",
							"objectClass": "System",
							"sid": 796811077858746,
							"parameters": {
								"group-name": "\"Shadow_Out_Settings\""
							},
							"isInverted": true
						}
					],
					"actions": [
						{
							"id": "play",
							"objectClass": "Audio",
							"sid": 913624941136255,
							"parameters": {
								"audio-file": "button",
								"loop": "not-looping",
								"volume": "Sound",
								"stereo-pan": "0",
								"tag-optional": "\"Sound\""
							}
						}
					],
					"sid": 320373085635143,
					"children": [
						{
							"eventType": "block",
							"conditions": [
								{
									"id": "compare-eventvar",
									"objectClass": "System",
									"sid": 322295664830150,
									"parameters": {
										"variable": "Music_Status",
										"comparison": 0,
										"value": "1"
									}
								}
							],
							"actions": [
								{
									"id": "set-eventvar-value",
									"objectClass": "System",
									"sid": 326702293762788,
									"parameters": {
										"variable": "Music_Status",
										"value": "0"
									}
								},
								{
									"id": "set-item",
									"objectClass": "LocalStorage",
									"sid": 389352370951737,
									"parameters": {
										"key": "projectname & \"Music_Status\"",
										"value": "Music_Status"
									}
								}
							],
							"sid": 379706990286012
						},
						{
							"eventType": "block",
							"conditions": [
								{
									"id": "else",
									"objectClass": "System",
									"sid": 588571785039249
								}
							],
							"actions": [
								{
									"id": "set-eventvar-value",
									"objectClass": "System",
									"sid": 630741685993731,
									"parameters": {
										"variable": "Music_Status",
										"value": "1"
									}
								},
								{
									"id": "set-item",
									"objectClass": "LocalStorage",
									"sid": 660668596709493,
									"parameters": {
										"key": "projectname & \"Music_Status\"",
										"value": "Music_Status"
									}
								}
							],
							"sid": 281302554697016
						}
					]
				}
			],
			"sid": 510615663461125
		},
		{
			"eventType": "group",
			"disabled": false,
			"title": "Mouse_Settings",
			"description": "Settings to replace the mouse cursor image.",
			"isActiveOnStart": true,
			"children": [
				{
					"eventType": "comment",
					"text": "When pressed left or right mouse button displays a second image"
				},
				{
					"eventType": "block",
					"conditions": [
						{
							"id": "mouse-button-is-down",
							"objectClass": "Mouse",
							"sid": 9939046005488176,
							"parameters": {
								"mouse-button": "left"
							}
						},
						{
							"id": "mouse-button-is-down",
							"objectClass": "Mouse",
							"sid": 7630994241224498,
							"parameters": {
								"mouse-button": "right"
							}
						}
					],
					"actions": [
						{
							"id": "set-cursor-from-sprite",
							"objectClass": "Mouse",
							"sid": 7691787218632383,
							"parameters": {
								"sprite": "Cursor_Pressed"
							}
						}
					],
					"sid": 8470025712124507,
					"isOrBlock": true
				},
				{
					"eventType": "comment",
					"text": "When not pressed mouse button shows the first image"
				},
				{
					"eventType": "block",
					"conditions": [
						{
							"id": "else",
							"objectClass": "System",
							"sid": 8525802489632009
						}
					],
					"actions": [
						{
							"id": "set-cursor-from-sprite",
							"objectClass": "Mouse",
							"sid": 9954578828343742,
							"parameters": {
								"sprite": "Cursor"
							}
						}
					],
					"sid": 6379462854799293
				}
			],
			"sid": 3442024420587492
		},
		{
			"eventType": "group",
			"disabled": false,
			"title": "Fullscreen_Settings",
			"description": "Settings for the deployment of the game in fullscreen.",
			"isActiveOnStart": true,
			"children": [
				{
					"eventType": "block",
					"conditions": [
						{
							"id": "on-touched-object",
							"objectClass": "Touch",
							"sid": 2484939689815928,
							"parameters": {
								"object": "Button_Fullscreen",
								"type": "start"
							}
						},
						{
							"id": "compare-animation-frame",
							"objectClass": "Button_Fullscreen",
							"sid": 307514723884045,
							"parameters": {
								"comparison": 0,
								"number": "Fullscreen"
							}
						},
						{
							"id": "is-group-active",
							"objectClass": "System",
							"sid": 209890451706953,
							"parameters": {
								"group-name": "\"Shadow_In_Settings\""
							},
							"isInverted": true
						},
						{
							"id": "is-group-active",
							"objectClass": "System",
							"sid": 827580275043517,
							"parameters": {
								"group-name": "\"Shadow_Out_Settings\""
							},
							"isInverted": true
						}
					],
					"actions": [
						{
							"id": "play",
							"objectClass": "Audio",
							"sid": 8196348399997446,
							"parameters": {
								"audio-file": "button",
								"loop": "not-looping",
								"volume": "Sound",
								"stereo-pan": "0",
								"tag-optional": "\"Sound\""
							}
						}
					],
					"sid": 2268427827982242,
					"children": [
						{
							"eventType": "block",
							"conditions": [
								{
									"id": "compare-eventvar",
									"objectClass": "System",
									"sid": 9147835072484544,
									"parameters": {
										"variable": "Fullscreen",
										"comparison": 0,
										"value": "0"
									}
								}
							],
							"actions": [
								{
									"id": "set-eventvar-value",
									"objectClass": "System",
									"sid": 9755345674690926,
									"parameters": {
										"variable": "Fullscreen",
										"value": "1"
									}
								},
								{
									"id": "request-fullscreen",
									"objectClass": "Browser",
									"sid": 7491303096670908,
									"parameters": {
										"mode": "stretch-letterbox-scale",
										"navigation-ui": "auto"
									}
								}
							],
							"sid": 4929979576771948
						},
						{
							"eventType": "block",
							"conditions": [
								{
									"id": "else",
									"objectClass": "System",
									"sid": 6186992337598985
								}
							],
							"actions": [
								{
									"id": "set-eventvar-value",
									"objectClass": "System",
									"sid": 9916599522641078,
									"parameters": {
										"variable": "Fullscreen",
										"value": "0"
									}
								},
								{
									"id": "cancel-fullscreen",
									"objectClass": "Browser",
									"sid": 6402150123220357
								}
							],
							"sid": 6366125769874759
						}
					]
				},
				{
					"eventType": "block",
					"conditions": [
						{
							"id": "compare-animation-frame",
							"objectClass": "Button_Fullscreen",
							"sid": 6714367124208785,
							"parameters": {
								"comparison": 1,
								"number": "Fullscreen"
							}
						}
					],
					"actions": [
						{
							"id": "set-animation-frame",
							"objectClass": "Button_Fullscreen",
							"sid": 4639072420782443,
							"parameters": {
								"frame-number": "Fullscreen"
							}
						}
					],
					"sid": 2971899408969816
				}
			],
			"sid": 8861542286337894
		},
		{
			"eventType": "group",
			"disabled": false,
			"title": "Screen_Size_Settings",
			"description": "This event is designed to calculate the current screen size from the size of the game project, in order to display all the interface elements with the correct layout.",
			"isActiveOnStart": true,
			"children": [
				{
					"eventType": "block",
					"conditions": [
						{
							"id": "every-tick",
							"objectClass": "System",
							"sid": 414728906675344
						}
					],
					"actions": [
						{
							"id": "set-eventvar-value",
							"objectClass": "System",
							"sid": 910490428958454,
							"parameters": {
								"variable": "Size_Difference",
								"value": "WindowWidth / OriginalWindowWidth"
							}
						}
					],
					"sid": 624746452415149,
					"children": [
						{
							"eventType": "block",
							"conditions": [
								{
									"id": "compare-eventvar",
									"objectClass": "System",
									"sid": 360465744320828,
									"parameters": {
										"variable": "Size_Difference",
										"comparison": 2,
										"value": "(OriginalWindowWidth / OriginalWindowWidth) / 2"
									}
								}
							],
							"actions": [
								{
									"id": "set-eventvar-value",
									"objectClass": "System",
									"sid": 961947865300164,
									"parameters": {
										"variable": "Size_Difference",
										"value": "(OriginalWindowWidth / OriginalWindowWidth) / 2"
									}
								}
							],
							"sid": 806141418438442
						},
						{
							"eventType": "block",
							"conditions": [],
							"actions": [
								{
									"id": "set-eventvar-value",
									"objectClass": "System",
									"sid": 730467859152721,
									"parameters": {
										"variable": "Current_Distance",
										"value": "DISTANCE_BETWEEN_OBJECTS * Size_Difference"
									}
								}
							],
							"sid": 810954001480335
						}
					]
				}
			],
			"sid": 637277063813750
		},
		{
			"eventType": "group",
			"disabled": false,
			"title": "Orientation_Settings",
			"description": "Settings for displaying a warning about the wrong orientation of the screen.",
			"isActiveOnStart": true,
			"children": [
				{
					"eventType": "block",
					"conditions": [
						{
							"id": "compare-two-values",
							"objectClass": "System",
							"sid": 7795476479908856,
							"parameters": {
								"first-value": "WindowWidth",
								"comparison": 2,
								"second-value": "WindowHeight"
							}
						}
					],
					"actions": [
						{
							"id": "set-layer-visible",
							"objectClass": "System",
							"sid": 9614671885217684,
							"parameters": {
								"layer": "\"Orientation\"",
								"visibility": "invisible"
							}
						},
						{
							"id": "set-text",
							"objectClass": "Orientation_Font",
							"sid": 5315724528615221,
							"parameters": {
								"text": "\"Please set your device to landscape orientation to play this game properly!\""
							}
						},
						{
							"id": "set-position",
							"objectClass": "Orientation_Font",
							"sid": 229881009576055,
							"parameters": {
								"x": "(ViewportLeft(Self.LayerName) + ViewportRight(Self.LayerName) ) / 2",
								"y": "(ViewportTop(Self.LayerName) + ViewportBottom(Self.LayerName) ) / 2"
							}
						}
					],
					"sid": 1634177033317318
				},
				{
					"eventType": "block",
					"conditions": [
						{
							"id": "compare-two-values",
							"objectClass": "System",
							"sid": 3495836801643668,
							"parameters": {
								"first-value": "WindowWidth",
								"comparison": 4,
								"second-value": "WindowHeight"
							}
						}
					],
					"actions": [
						{
							"id": "set-layer-visible",
							"objectClass": "System",
							"sid": 103922519056734,
							"parameters": {
								"layer": "\"Orientation\"",
								"visibility": "invisible"
							}
						}
					],
					"sid": 8938586374540561
				}
			],
			"sid": 2566292130017223
		},
		{
			"eventType": "group",
			"disabled": false,
			"title": "Buttons_Animation_Settings",
			"description": "This event creates an animation effect, when you click on the button it reduces it and returns to its original size.",
			"isActiveOnStart": true,
			"children": [
				{
					"eventType": "block",
					"conditions": [
						{
							"id": "is-touching-object",
							"objectClass": "Touch",
							"sid": 839241379731416,
							"parameters": {
								"object": "Buttons"
							}
						},
						{
							"id": "is-boolean-instance-variable-set",
							"objectClass": "Buttons",
							"sid": 913198882160042,
							"parameters": {
								"instance-variable": "Active"
							}
						}
					],
					"actions": [],
					"sid": 672083521471607,
					"children": [
						{
							"eventType": "block",
							"conditions": [
								{
									"id": "on-any-touch-start",
									"objectClass": "Touch",
									"sid": 945203662513181
								}
							],
							"actions": [
								{
									"id": "set-scale",
									"objectClass": "Buttons",
									"sid": 582508002979081,
									"parameters": {
										"scale": "0.9"
									}
								}
							],
							"sid": 757146941217912
						}
					]
				},
				{
					"eventType": "block",
					"conditions": [
						{
							"id": "is-touching-object",
							"objectClass": "Touch",
							"sid": 555481853680824,
							"parameters": {
								"object": "Buttons"
							},
							"isInverted": true
						}
					],
					"actions": [
						{
							"id": "set-scale",
							"objectClass": "Buttons",
							"sid": 808919752677077,
							"parameters": {
								"scale": "1"
							}
						}
					],
					"sid": 554534316591434
				}
			],
			"sid": 347795702297134
		}
	],
	"sid": 813576319971410
}