{
	"name": "Buttons",
	"plugin-id": "Sprite",
	"sid": 2159222911975116,
	"instanceVariables": [
		{
			"name": "Active",
			"type": "boolean",
			"desc": "",
			"show": true,
			"sid": 622984060543299
		},
		{
			"name": "Width_Size",
			"type": "number",
			"desc": "",
			"show": true,
			"sid": 715573314441652
		},
		{
			"name": "Height_Size",
			"type": "number",
			"desc": "",
			"show": true,
			"sid": 240056798928298
		}
	],
	"behaviorTypes": [],
	"effectTypes": [],
	"members": [
		"Button_Exit",
		"Button_Fullscreen",
		"Button_Level",
		"Button_Menu",
		"Button_Music",
		"Button_Restart",
		"Button_Sound",
		"Button_Start"
	]
}