{
	"name": "Resources",
	"layers": [
		{
			"name": "Layer",
			"overriden": 0,
			"subLayers": [],
			"instances": [
				{
					"type": "Text_Game_Over",
					"properties": {
						"initially-visible": true,
						"initial-animation": "Default",
						"initial-frame": 0,
						"enable-collisions": true,
						"live-preview": false
					},
					"uid": 100,
					"sid": 538875780873834,
					"tags": "",
					"instanceVariables": {},
					"behaviors": {
						"Sine": {
							"properties": {
								"movement": "size",
								"wave": "sine",
								"period": 1,
								"period-random": 0,
								"period-offset": 0,
								"period-offset-random": 0,
								"magnitude": 10,
								"magnitude-random": 0,
								"enabled": false,
								"live-preview": false
							}
						},
						"Fade": {
							"properties": {
								"fade-in-time": 0.5,
								"wait-time": 1,
								"fade-out-time": 1,
								"destroy": true,
								"enabled": false,
								"live-preview": false
							}
						}
					},
					"showing": true,
					"locked": false,
					"world": {
						"x": 530,
						"y": 460,
						"width": 900,
						"height": 202,
						"originX": 0.5,
						"originY": 0.5,
						"color": [
							1,
							1,
							1,
							1
						],
						"angle": 0,
						"zElevation": 0
					}
				},
				{
					"type": "Black_Screen",
					"properties": {
						"initially-visible": true,
						"initial-animation": "Default",
						"initial-frame": 0,
						"enable-collisions": true,
						"live-preview": false
					},
					"uid": 49,
					"sid": 619247021960868,
					"tags": "",
					"instanceVariables": {},
					"behaviors": {
						"Fade": {
							"properties": {
								"fade-in-time": 0,
								"wait-time": 0,
								"fade-out-time": 1,
								"destroy": true,
								"enabled": false,
								"live-preview": false
							}
						}
					},
					"showing": true,
					"locked": false,
					"world": {
						"x": -610,
						"y": 960,
						"width": 1208,
						"height": 2048,
						"originX": 0.5,
						"originY": 0.5,
						"color": [
							1,
							1,
							1,
							1
						],
						"angle": 0,
						"zElevation": 0
					}
				},
				{
					"type": "Text_Tap_To_Play",
					"properties": {
						"initially-visible": true,
						"initial-animation": "Default",
						"initial-frame": 0,
						"enable-collisions": true,
						"live-preview": false
					},
					"uid": 50,
					"sid": 830511871048814,
					"tags": "",
					"instanceVariables": {},
					"behaviors": {
						"Sine": {
							"properties": {
								"movement": "size",
								"wave": "sine",
								"period": 1,
								"period-random": 0,
								"period-offset": 0,
								"period-offset-random": 0,
								"magnitude": 10,
								"magnitude-random": 0,
								"enabled": true,
								"live-preview": false
							}
						},
						"Fade": {
							"properties": {
								"fade-in-time": 0,
								"wait-time": 0,
								"fade-out-time": 1,
								"destroy": true,
								"enabled": false,
								"live-preview": false
							}
						}
					},
					"showing": true,
					"locked": false,
					"world": {
						"x": 510,
						"y": 690,
						"width": 900,
						"height": 184,
						"originX": 0.5,
						"originY": 0.5,
						"color": [
							1,
							1,
							1,
							1
						],
						"angle": 0,
						"zElevation": 0
					}
				},
				{
					"type": "Background_Stars",
					"properties": {
						"initially-visible": true,
						"initial-animation": "Level_1",
						"initial-frame": 0,
						"enable-collisions": true,
						"live-preview": false
					},
					"uid": 63,
					"sid": 273244725342476,
					"tags": "",
					"instanceVariables": {
						"Size": 0
					},
					"behaviors": {
						"Fade": {
							"properties": {
								"fade-in-time": 0.25,
								"wait-time": 0.5,
								"fade-out-time": 0.25,
								"destroy": true,
								"enabled": true,
								"live-preview": false
							}
						},
						"Sine": {
							"properties": {
								"movement": "angle",
								"wave": "sine",
								"period": 4,
								"period-random": 0,
								"period-offset": 0,
								"period-offset-random": 0,
								"magnitude": 10,
								"magnitude-random": 0,
								"enabled": true,
								"live-preview": false
							}
						}
					},
					"showing": true,
					"locked": false,
					"world": {
						"x": 600,
						"y": 120,
						"width": 32,
						"height": 32,
						"originX": 0.5,
						"originY": 0.5,
						"color": [
							1,
							1,
							1,
							1
						],
						"angle": 0,
						"zElevation": 0
					}
				},
				{
					"type": "Background_Clouds",
					"properties": {
						"initially-visible": true,
						"initial-animation": "Level_1",
						"initial-frame": 0,
						"enable-collisions": true,
						"live-preview": false
					},
					"uid": 66,
					"sid": 885543363598636,
					"tags": "",
					"instanceVariables": {
						"Move_Left": false,
						"Move_Right": false,
						"Speed": 8
					},
					"behaviors": {},
					"showing": true,
					"locked": false,
					"world": {
						"x": 820,
						"y": 110,
						"width": 200,
						"height": 92,
						"originX": 0.5,
						"originY": 0.5,
						"color": [
							1,
							1,
							1,
							1
						],
						"angle": 0,
						"zElevation": 0
					}
				},
				{
					"type": "Background_1_Moon",
					"properties": {
						"initially-visible": true,
						"initial-animation": "Default",
						"initial-frame": 0,
						"enable-collisions": true,
						"live-preview": false
					},
					"uid": 70,
					"sid": 502780014590468,
					"tags": "",
					"instanceVariables": {},
					"behaviors": {},
					"showing": true,
					"locked": false,
					"world": {
						"x": 880,
						"y": 1160,
						"width": 434,
						"height": 434,
						"originX": 0.5,
						"originY": 0.5,
						"color": [
							1,
							1,
							1,
							1
						],
						"angle": 0,
						"zElevation": 0
					}
				},
				{
					"type": "Background_5_Bubble",
					"properties": {
						"initially-visible": true,
						"initial-animation": "Default",
						"initial-frame": 0,
						"enable-collisions": true,
						"live-preview": false
					},
					"uid": 58,
					"sid": 824895332752294,
					"tags": "",
					"instanceVariables": {
						"Size": 0
					},
					"behaviors": {
						"Sine": {
							"properties": {
								"movement": "horizontal",
								"wave": "sine",
								"period": 2,
								"period-random": 0,
								"period-offset": 0,
								"period-offset-random": 0,
								"magnitude": 15,
								"magnitude-random": 0,
								"enabled": true,
								"live-preview": false
							}
						}
					},
					"showing": true,
					"locked": false,
					"world": {
						"x": 610,
						"y": 180,
						"width": 16,
						"height": 16,
						"originX": 0.5,
						"originY": 0.5,
						"color": [
							1,
							1,
							1,
							1
						],
						"angle": 0,
						"zElevation": 0
					}
				},
				{
					"type": "Background_5_Player_Bubble",
					"properties": {
						"initially-visible": true,
						"initial-animation": "Default",
						"initial-frame": 0,
						"enable-collisions": true,
						"live-preview": false
					},
					"uid": 73,
					"sid": 980174994520326,
					"tags": "",
					"instanceVariables": {
						"Size": 0
					},
					"behaviors": {
						"Sine": {
							"properties": {
								"movement": "horizontal",
								"wave": "sine",
								"period": 1,
								"period-random": 0,
								"period-offset": 0,
								"period-offset-random": 0,
								"magnitude": 10,
								"magnitude-random": 0,
								"enabled": true,
								"live-preview": false
							}
						}
					},
					"showing": true,
					"locked": false,
					"world": {
						"x": 610,
						"y": 240,
						"width": 32,
						"height": 32,
						"originX": 0.5,
						"originY": 0.5,
						"color": [
							1,
							1,
							1,
							1
						],
						"angle": 0,
						"zElevation": 0,
						"blendMode": "additive"
					}
				},
				{
					"type": "Background_6_Moon",
					"properties": {
						"initially-visible": true,
						"initial-animation": "Default",
						"initial-frame": 0,
						"enable-collisions": true,
						"live-preview": false
					},
					"uid": 76,
					"sid": 122904833943812,
					"tags": "",
					"instanceVariables": {},
					"behaviors": {},
					"showing": true,
					"locked": false,
					"world": {
						"x": 550,
						"y": 1440,
						"width": 1024,
						"height": 1024,
						"originX": 0.5,
						"originY": 0.5,
						"color": [
							1,
							1,
							1,
							1
						],
						"angle": 0,
						"zElevation": 0
					}
				},
				{
					"type": "Level_Score_Font",
					"properties": {
						"text": "0",
						"enable-bbcode": false,
						"character-width": 96,
						"character-height": 96,
						"character-set": "ABCDEFGHIJKLMNOPQRSTUVWXYZabcdefghijklmnopqrstuvwxyz0123456789.,:;-+=~%!?&$(){}[]\\/<>^*@#\"'|",
						"spacing-data": "",
						"scale": 1,
						"character-spacing": -50,
						"line-height": 0,
						"horizontal-alignment": "center",
						"vertical-alignment": "center",
						"wrapping": "word",
						"initially-visible": true,
						"origin": "center",
						"read-aloud": false
					},
					"uid": 89,
					"sid": 832376135689851,
					"tags": "",
					"instanceVariables": {
						"Level": 2
					},
					"behaviors": {},
					"showing": true,
					"locked": false,
					"world": {
						"x": 860,
						"y": 230,
						"width": 384,
						"height": 96,
						"originX": 0.5,
						"originY": 0.5,
						"color": [
							1,
							1,
							1,
							1
						],
						"angle": 0,
						"zElevation": 0
					}
				},
				{
					"type": "Player_Effects",
					"properties": {
						"initially-visible": true,
						"initial-animation": "Level_1",
						"initial-frame": 0,
						"enable-collisions": true,
						"live-preview": false
					},
					"uid": 84,
					"sid": 462163497954938,
					"tags": "",
					"instanceVariables": {},
					"behaviors": {},
					"showing": true,
					"locked": false,
					"world": {
						"x": 280,
						"y": 170,
						"width": 560,
						"height": 310,
						"originX": 0.5,
						"originY": 0.5,
						"color": [
							1,
							1,
							1,
							1
						],
						"angle": 0,
						"zElevation": 0
					}
				},
				{
					"type": "Text_New_High_Score",
					"properties": {
						"initially-visible": true,
						"initial-animation": "Default",
						"initial-frame": 0,
						"enable-collisions": true,
						"live-preview": false
					},
					"uid": 67,
					"sid": 659842131903559,
					"tags": "",
					"instanceVariables": {},
					"behaviors": {
						"Sine": {
							"properties": {
								"movement": "size",
								"wave": "sine",
								"period": 1,
								"period-random": 0,
								"period-offset": 0,
								"period-offset-random": 0,
								"magnitude": 10,
								"magnitude-random": 0,
								"enabled": true,
								"live-preview": false
							}
						},
						"Fade": {
							"properties": {
								"fade-in-time": 0.25,
								"wait-time": 2,
								"fade-out-time": 0.25,
								"destroy": true,
								"enabled": true,
								"live-preview": false
							}
						}
					},
					"showing": true,
					"locked": false,
					"world": {
						"x": 530,
						"y": 870,
						"width": 900,
						"height": 98,
						"originX": 0.5,
						"originY": 0.5,
						"color": [
							1,
							1,
							1,
							1
						],
						"angle": 0,
						"zElevation": 0
					}
				}
			],
			"sid": 3768754037047447,
			"effectTypes": [],
			"isInitiallyVisible": true,
			"isInitiallyInteractive": true,
			"isHTMLElementsLayer": false,
			"color": [
				1,
				1,
				1,
				1
			],
			"backgroundColor": [
				0,
				0,
				0,
				1
			],
			"isTransparent": true,
			"parallaxX": 1,
			"parallaxY": 1,
			"scaleRate": 1,
			"forceOwnTexture": false,
			"renderingMode": "3d",
			"drawOrder": "z-order",
			"useRenderCells": false,
			"blendMode": "normal",
			"zElevation": 0,
			"global": false
		}
	],
	"scene-graphs-folder-root": {
		"items": [],
		"subfolders": []
	},
	"sid": 1559598904073735,
	"nonworld-instances": [],
	"effectTypes": [],
	"width": 1080,
	"height": 1920,
	"unboundedScrolling": false,
	"vpX": 0.5,
	"vpY": 0.5,
	"projection": "perspective",
	"eventSheet": null
}