{
	"name": "Game",
	"layers": [
		{
			"name": "Background",
			"overriden": 0,
			"subLayers": [],
			"instances": [
				{
					"type": "Backgrounds",
					"properties": {
						"initially-visible": true,
						"initial-animation": "Default",
						"initial-frame": 0,
						"enable-collisions": true,
						"live-preview": false
					},
					"uid": 11,
					"sid": 173235845622338,
					"tags": "",
					"instanceVariables": {},
					"behaviors": {},
					"showing": true,
					"locked": false,
					"world": {
						"x": 540,
						"y": 960,
						"width": 1208,
						"height": 2048,
						"originX": 0.5,
						"originY": 0.5,
						"color": [
							1,
							1,
							1,
							1
						],
						"angle": 0,
						"zElevation": 0
					}
				}
			],
			"sid": 5582377743093869,
			"effectTypes": [],
			"isInitiallyVisible": true,
			"isInitiallyInteractive": true,
			"isHTMLElementsLayer": false,
			"color": [
				1,
				1,
				1,
				1
			],
			"backgroundColor": [
				0,
				0,
				0,
				1
			],
			"isTransparent": true,
			"parallaxX": 0,
			"parallaxY": 0,
			"scaleRate": 1,
			"forceOwnTexture": false,
			"renderingMode": "3d",
			"drawOrder": "z-order",
			"useRenderCells": false,
			"blendMode": "normal",
			"zElevation": 0,
			"global": false
		},
		{
			"name": "Midground",
			"overriden": 0,
			"subLayers": [],
			"instances": [
				{
					"type": "Grounds",
					"properties": {
						"initially-visible": true,
						"initial-animation": "Default",
						"initial-frame": 0,
						"enable-collisions": true,
						"live-preview": false
					},
					"uid": 14,
					"sid": 992240097998555,
					"tags": "",
					"instanceVariables": {},
					"behaviors": {},
					"showing": true,
					"locked": false,
					"world": {
						"x": 540,
						"y": 19264,
						"width": 1208,
						"height": 580,
						"originX": 0.5,
						"originY": 1,
						"color": [
							1,
							1,
							1,
							1
						],
						"angle": 0,
						"zElevation": 0
					}
				},
				{
					"type": "Blocks",
					"properties": {
						"initially-visible": true,
						"initial-animation": "Level_1",
						"initial-frame": 0,
						"enable-collisions": true,
						"live-preview": false
					},
					"uid": 33,
					"sid": 336815022929631,
					"tags": "",
					"instanceVariables": {
						"ID": 0
					},
					"behaviors": {
						"Pin": {
							"properties": {
								"destroy": false
							}
						}
					},
					"showing": true,
					"locked": false,
					"world": {
						"x": 540,
						"y": 19100,
						"width": 362,
						"height": 224,
						"originX": 0.5,
						"originY": 1,
						"color": [
							1,
							1,
							1,
							1
						],
						"angle": 0,
						"zElevation": 0
					}
				}
			],
			"sid": 8985312297838371,
			"effectTypes": [],
			"isInitiallyVisible": true,
			"isInitiallyInteractive": true,
			"isHTMLElementsLayer": false,
			"color": [
				1,
				1,
				1,
				1
			],
			"backgroundColor": [
				0,
				0,
				0,
				1
			],
			"isTransparent": true,
			"parallaxX": 1,
			"parallaxY": 1,
			"scaleRate": 1,
			"forceOwnTexture": false,
			"renderingMode": "3d",
			"drawOrder": "z-order",
			"useRenderCells": false,
			"blendMode": "normal",
			"zElevation": 0,
			"global": false
		},
		{
			"name": "Foreground",
			"overriden": 0,
			"subLayers": [],
			"instances": [
				{
					"type": "Player",
					"properties": {
						"initially-visible": true,
						"initial-animation": "Player_1_Idle",
						"initial-frame": 0,
						"enable-collisions": true,
						"live-preview": false
					},
					"uid": 35,
					"sid": 710310437712169,
					"tags": "",
					"instanceVariables": {},
					"behaviors": {
						"Pin": {
							"properties": {
								"destroy": false
							}
						}
					},
					"showing": true,
					"locked": false,
					"world": {
						"x": 540,
						"y": 18880,
						"width": 238,
						"height": 367,
						"originX": 0.529412,
						"originY": 1,
						"color": [
							1,
							1,
							1,
							1
						],
						"angle": 0,
						"zElevation": 0
					}
				},
				{
					"type": "Warning_Sign",
					"properties": {
						"initially-visible": true,
						"initial-animation": "Default",
						"initial-frame": 0,
						"enable-collisions": true,
						"live-preview": false
					},
					"uid": 83,
					"sid": 577926536570287,
					"tags": "",
					"instanceVariables": {},
					"behaviors": {
						"Sine": {
							"properties": {
								"movement": "size",
								"wave": "sine",
								"period": 1,
								"period-random": 0,
								"period-offset": 0,
								"period-offset-random": 0,
								"magnitude": 10,
								"magnitude-random": 0,
								"enabled": true,
								"live-preview": false
							}
						}
					},
					"showing": true,
					"locked": false,
					"world": {
						"x": 540,
						"y": -340,
						"width": 84,
						"height": 200,
						"originX": 0,
						"originY": 0.5,
						"color": [
							1,
							1,
							1,
							1
						],
						"angle": 0,
						"zElevation": 0
					}
				}
			],
			"sid": 8200353685310395,
			"effectTypes": [],
			"isInitiallyVisible": true,
			"isInitiallyInteractive": true,
			"isHTMLElementsLayer": false,
			"color": [
				1,
				1,
				1,
				1
			],
			"backgroundColor": [
				0,
				0,
				0,
				1
			],
			"isTransparent": true,
			"parallaxX": 1,
			"parallaxY": 1,
			"scaleRate": 1,
			"forceOwnTexture": false,
			"renderingMode": "3d",
			"drawOrder": "z-order",
			"useRenderCells": false,
			"blendMode": "normal",
			"zElevation": 0,
			"global": false
		},
		{
			"name": "Gui",
			"overriden": 0,
			"subLayers": [],
			"instances": [
				{
					"type": "Cursor",
					"properties": {
						"initially-visible": true,
						"initial-animation": "Default",
						"initial-frame": 0,
						"enable-collisions": true,
						"live-preview": false
					},
					"uid": 28,
					"sid": 455047502393617,
					"tags": "",
					"instanceVariables": {},
					"behaviors": {},
					"showing": true,
					"locked": false,
					"world": {
						"x": 520,
						"y": -200,
						"width": 96,
						"height": 64,
						"originX": 0.0833333,
						"originY": 0,
						"color": [
							1,
							1,
							1,
							1
						],
						"angle": 0,
						"zElevation": 0
					}
				},
				{
					"type": "Cursor_Pressed",
					"properties": {
						"initially-visible": true,
						"initial-animation": "Default",
						"initial-frame": 0,
						"enable-collisions": true,
						"live-preview": false
					},
					"uid": 29,
					"sid": 479002399270720,
					"tags": "",
					"instanceVariables": {},
					"behaviors": {},
					"showing": true,
					"locked": false,
					"world": {
						"x": 540,
						"y": -200,
						"width": 96,
						"height": 64,
						"originX": 0.0833333,
						"originY": 0,
						"color": [
							1,
							1,
							1,
							1
						],
						"angle": 0,
						"zElevation": 0
					}
				},
				{
					"type": "Score_Font",
					"properties": {
						"text": "0",
						"enable-bbcode": false,
						"character-width": 256,
						"character-height": 256,
						"character-set": "0123456789:=+-/%",
						"spacing-data": "",
						"scale": 1,
						"character-spacing": -100,
						"line-height": 0,
						"horizontal-alignment": "center",
						"vertical-alignment": "center",
						"wrapping": "word",
						"initially-visible": true,
						"origin": "center",
						"read-aloud": false
					},
					"uid": 30,
					"sid": 942119329763237,
					"tags": "",
					"instanceVariables": {},
					"behaviors": {},
					"showing": true,
					"locked": false,
					"world": {
						"x": 540,
						"y": 180,
						"width": 1024,
						"height": 256,
						"originX": 0.5,
						"originY": 0.5,
						"color": [
							1,
							1,
							1,
							1
						],
						"angle": 0,
						"zElevation": 0
					}
				},
				{
					"type": "Bonus_Font",
					"properties": {
						"text": "",
						"enable-bbcode": false,
						"character-width": 128,
						"character-height": 128,
						"character-set": "ABCDEFGHIJKLMNOPQRSTUVWXYZabcdefghijklmnopqrstuvwxyz0123456789.,:;-+=~%!?&$(){}[]\\/<>^*@#\"'|",
						"spacing-data": "",
						"scale": 1,
						"character-spacing": -70,
						"line-height": 0,
						"horizontal-alignment": "center",
						"vertical-alignment": "center",
						"wrapping": "word",
						"initially-visible": true,
						"origin": "center",
						"read-aloud": false
					},
					"uid": 34,
					"sid": 331574035060648,
					"tags": "",
					"instanceVariables": {},
					"behaviors": {
						"Fade": {
							"properties": {
								"fade-in-time": 0.25,
								"wait-time": 1,
								"fade-out-time": 0.25,
								"destroy": false,
								"enabled": true,
								"live-preview": false
							}
						}
					},
					"showing": true,
					"locked": false,
					"world": {
						"x": 540,
						"y": 370,
						"width": 1024,
						"height": 128,
						"originX": 0.5,
						"originY": 0.5,
						"color": [
							1,
							1,
							1,
							1
						],
						"angle": 0,
						"zElevation": 0
					}
				}
			],
			"sid": 4230408635671376,
			"effectTypes": [],
			"isInitiallyVisible": true,
			"isInitiallyInteractive": true,
			"isHTMLElementsLayer": false,
			"color": [
				1,
				1,
				1,
				1
			],
			"backgroundColor": [
				0,
				0,
				0,
				1
			],
			"isTransparent": true,
			"parallaxX": 0,
			"parallaxY": 0,
			"scaleRate": 0,
			"forceOwnTexture": false,
			"renderingMode": "3d",
			"drawOrder": "z-order",
			"useRenderCells": false,
			"blendMode": "normal",
			"zElevation": 0,
			"global": false
		},
		{
			"name": "Collision",
			"overriden": 0,
			"subLayers": [],
			"instances": [
				{
					"type": "Collision_Player",
					"properties": {
						"initially-visible": false,
						"initial-animation": "Default",
						"initial-frame": 0,
						"enable-collisions": true,
						"live-preview": false
					},
					"uid": 69,
					"sid": 209717804611139,
					"tags": "",
					"instanceVariables": {
						"Fall_Left": false,
						"Fall_Right": false,
						"Fall_Speed": 0,
						"Touched_Block_ID": 0
					},
					"behaviors": {
						"Platform": {
							"properties": {
								"max-speed": 3000,
								"acceleration": 3000,
								"deceleration": 0,
								"jump-strength": 1200,
								"gravity": 2400,
								"max-fall-speed": 1200,
								"double-jump": false,
								"jump-sustain": 0,
								"default-controls": false,
								"enabled": true
							}
						},
						"BoundToLayout": {
							"properties": {
								"bound-by": "edge"
							}
						}
					},
					"showing": true,
					"locked": false,
					"world": {
						"x": 540,
						"y": 18880,
						"width": 80,
						"height": 340,
						"originX": 0.5,
						"originY": 1,
						"color": [
							1,
							1,
							1,
							1
						],
						"angle": 0,
						"zElevation": 0
					}
				},
				{
					"type": "Camera",
					"properties": {
						"initially-visible": false,
						"initial-animation": "Default",
						"initial-frame": 0,
						"enable-collisions": true,
						"live-preview": false
					},
					"uid": 71,
					"sid": 690816691505098,
					"tags": "",
					"instanceVariables": {},
					"behaviors": {
						"Pin": {
							"properties": {
								"destroy": false
							}
						},
						"ScrollTo": {
							"properties": {
								"enabled": true
							}
						}
					},
					"showing": true,
					"locked": false,
					"world": {
						"x": 540,
						"y": 19340,
						"width": 16,
						"height": 16,
						"originX": 0.5,
						"originY": 0.5,
						"color": [
							1,
							1,
							1,
							1
						],
						"angle": 0,
						"zElevation": 0
					}
				},
				{
					"type": "Collision_Block",
					"properties": {
						"initially-visible": false,
						"initial-animation": "Default",
						"initial-frame": 0,
						"enable-collisions": true,
						"live-preview": false
					},
					"uid": 72,
					"sid": 173203277696545,
					"tags": "",
					"instanceVariables": {
						"ID": 0,
						"Active": false,
						"Move_Left": false,
						"Move_Right": false
					},
					"behaviors": {
						"Solid": {
							"properties": {
								"enabled": true,
								"tags": ""
							}
						}
					},
					"showing": true,
					"locked": false,
					"world": {
						"x": 840,
						"y": 19430,
						"width": 16,
						"height": 16,
						"originX": 0.5,
						"originY": 1,
						"color": [
							1,
							1,
							1,
							1
						],
						"angle": 0,
						"zElevation": 0
					}
				}
			],
			"sid": 9853878328840096,
			"effectTypes": [],
			"isInitiallyVisible": true,
			"isInitiallyInteractive": true,
			"isHTMLElementsLayer": false,
			"color": [
				1,
				1,
				1,
				1
			],
			"backgroundColor": [
				0,
				0,
				0,
				1
			],
			"isTransparent": true,
			"parallaxX": 1,
			"parallaxY": 1,
			"scaleRate": 1,
			"forceOwnTexture": false,
			"renderingMode": "3d",
			"drawOrder": "z-order",
			"useRenderCells": false,
			"blendMode": "normal",
			"zElevation": 0,
			"global": false
		},
		{
			"name": "Shadow",
			"overriden": 0,
			"subLayers": [],
			"instances": [],
			"sid": 811020243059621,
			"effectTypes": [],
			"isInitiallyVisible": true,
			"isInitiallyInteractive": true,
			"isHTMLElementsLayer": false,
			"color": [
				1,
				1,
				1,
				1
			],
			"backgroundColor": [
				0,
				0,
				0,
				1
			],
			"isTransparent": false,
			"parallaxX": 0,
			"parallaxY": 0,
			"scaleRate": 1,
			"forceOwnTexture": false,
			"renderingMode": "3d",
			"drawOrder": "z-order",
			"useRenderCells": false,
			"blendMode": "normal",
			"zElevation": 0,
			"global": false
		},
		{
			"name": "Orientation",
			"overriden": 0,
			"subLayers": [],
			"instances": [
				{
					"type": "Orientation_Font",
					"properties": {
						"text": "Please set your device to landscape orientation to play this game properly!",
						"enable-bbcode": false,
						"character-width": 64,
						"character-height": 64,
						"character-set": "ABCDEFGHIJKLMNOPQRSTUVWXYZabcdefghijklmnopqrstuvwxyz0123456789.,:;-+=~%!?&$(){}[]\\/<>^*@#\"'|",
						"spacing-data": "",
						"scale": 1,
						"character-spacing": -40,
						"line-height": 0,
						"horizontal-alignment": "center",
						"vertical-alignment": "center",
						"wrapping": "word",
						"initially-visible": true,
						"origin": "center",
						"read-aloud": false
					},
					"uid": 24,
					"sid": 319475832252687,
					"tags": "",
					"instanceVariables": {},
					"behaviors": {},
					"showing": true,
					"locked": false,
					"world": {
						"x": 960,
						"y": 540,
						"width": 512,
						"height": 512,
						"originX": 0.5,
						"originY": 0.5,
						"color": [
							1,
							1,
							1,
							1
						],
						"angle": 0,
						"zElevation": 0
					}
				}
			],
			"sid": 2804503601154833,
			"effectTypes": [],
			"isInitiallyVisible": true,
			"isInitiallyInteractive": true,
			"isHTMLElementsLayer": false,
			"color": [
				1,
				1,
				1,
				1
			],
			"backgroundColor": [
				0,
				0,
				0,
				1
			],
			"isTransparent": false,
			"parallaxX": 0,
			"parallaxY": 0,
			"scaleRate": 1,
			"forceOwnTexture": false,
			"renderingMode": "3d",
			"drawOrder": "z-order",
			"useRenderCells": false,
			"blendMode": "normal",
			"zElevation": 0,
			"global": false
		}
	],
	"scene-graphs-folder-root": {
		"items": [],
		"subfolders": []
	},
	"sid": 2493300923520822,
	"nonworld-instances": [],
	"effectTypes": [],
	"width": 1080,
	"height": 19200,
	"unboundedScrolling": false,
	"vpX": 0.5,
	"vpY": 0.5,
	"projection": "perspective",
	"eventSheet": "Game_Event"
}