{
	"name": "Menu",
	"layers": [
		{
			"name": "Background",
			"overriden": 0,
			"subLayers": [],
			"instances": [
				{
					"type": "Main_Background",
					"properties": {
						"initially-visible": true,
						"initial-animation": "Default",
						"initial-frame": 0,
						"enable-collisions": true,
						"live-preview": false
					},
					"uid": 79,
					"sid": 305962798739452,
					"tags": "",
					"instanceVariables": {},
					"behaviors": {},
					"showing": true,
					"locked": false,
					"world": {
						"x": 540,
						"y": 960,
						"width": 1208,
						"height": 2048,
						"originX": 0.5,
						"originY": 0.5,
						"color": [
							1,
							1,
							1,
							1
						],
						"angle": 0,
						"zElevation": 0
					}
				}
			],
			"sid": 1792610370566321,
			"effectTypes": [],
			"isInitiallyVisible": true,
			"isInitiallyInteractive": true,
			"isHTMLElementsLayer": false,
			"color": [
				1,
				1,
				1,
				1
			],
			"backgroundColor": [
				0,
				0,
				0,
				1
			],
			"isTransparent": true,
			"parallaxX": 0,
			"parallaxY": 0,
			"scaleRate": 1,
			"forceOwnTexture": false,
			"renderingMode": "3d",
			"drawOrder": "z-order",
			"useRenderCells": false,
			"blendMode": "normal",
			"zElevation": 0,
			"global": false
		},
		{
			"name": "Gui",
			"overriden": 0,
			"subLayers": [],
			"instances": [
				{
					"type": "Background_6_Moon",
					"properties": {
						"initially-visible": true,
						"initial-animation": "Default",
						"initial-frame": 0,
						"enable-collisions": true,
						"live-preview": false
					},
					"uid": 15,
					"sid": 580505766406060,
					"tags": "",
					"instanceVariables": {},
					"behaviors": {},
					"showing": true,
					"locked": false,
					"world": {
						"x": 540,
						"y": 540,
						"width": 1024,
						"height": 1024,
						"originX": 0.5,
						"originY": 0.5,
						"color": [
							1,
							1,
							1,
							1
						],
						"angle": 0,
						"zElevation": 0
					}
				},
				{
					"type": "Button_Music",
					"properties": {
						"initially-visible": true,
						"initial-animation": "Music",
						"initial-frame": 1,
						"enable-collisions": true,
						"live-preview": false
					},
					"uid": 10,
					"sid": 676719153243795,
					"tags": "",
					"instanceVariables": {
						"Active": true,
						"Width_Size": 0,
						"Height_Size": 0
					},
					"behaviors": {},
					"showing": true,
					"locked": false,
					"world": {
						"x": 240,
						"y": 1720,
						"width": 110,
						"height": 128,
						"originX": 0.5,
						"originY": 0.5,
						"color": [
							1,
							1,
							1,
							1
						],
						"angle": 0,
						"zElevation": 0
					}
				},
				{
					"type": "Button_Sound",
					"properties": {
						"initially-visible": true,
						"initial-animation": "Sound",
						"initial-frame": 1,
						"enable-collisions": true,
						"live-preview": false
					},
					"uid": 9,
					"sid": 268352376792931,
					"tags": "",
					"instanceVariables": {
						"Active": true,
						"Width_Size": 0,
						"Height_Size": 0
					},
					"behaviors": {},
					"showing": true,
					"locked": false,
					"world": {
						"x": 840,
						"y": 1720,
						"width": 110,
						"height": 128,
						"originX": 0.5,
						"originY": 0.5,
						"color": [
							1,
							1,
							1,
							1
						],
						"angle": 0,
						"zElevation": 0
					}
				},
				{
					"type": "Button_Play",
					"properties": {
						"initially-visible": true,
						"initial-animation": "Default",
						"initial-frame": 1,
						"enable-collisions": true,
						"live-preview": false
					},
					"uid": 13,
					"sid": 708593091857317,
					"tags": "",
					"instanceVariables": {},
					"behaviors": {},
					"showing": true,
					"locked": false,
					"world": {
						"x": 540,
						"y": 1440,
						"width": 876,
						"height": 298,
						"originX": 0.5,
						"originY": 0.5,
						"color": [
							1,
							1,
							1,
							1
						],
						"angle": 0,
						"zElevation": 0
					}
				},
				{
					"type": "Cursor",
					"properties": {
						"initially-visible": true,
						"initial-animation": "Default",
						"initial-frame": 0,
						"enable-collisions": true,
						"live-preview": false
					},
					"uid": 26,
					"sid": 902693419596213,
					"tags": "",
					"instanceVariables": {},
					"behaviors": {},
					"showing": true,
					"locked": false,
					"world": {
						"x": 520,
						"y": -200,
						"width": 96,
						"height": 64,
						"originX": 0.0833333,
						"originY": 0,
						"color": [
							1,
							1,
							1,
							1
						],
						"angle": 0,
						"zElevation": 0
					}
				},
				{
					"type": "Cursor_Pressed",
					"properties": {
						"initially-visible": true,
						"initial-animation": "Default",
						"initial-frame": 0,
						"enable-collisions": true,
						"live-preview": false
					},
					"uid": 27,
					"sid": 851546230316597,
					"tags": "",
					"instanceVariables": {},
					"behaviors": {},
					"showing": true,
					"locked": false,
					"world": {
						"x": 540,
						"y": -200,
						"width": 96,
						"height": 64,
						"originX": 0.0833333,
						"originY": 0,
						"color": [
							1,
							1,
							1,
							1
						],
						"angle": 0,
						"zElevation": 0
					}
				},
				{
					"type": "Button_Fullscreen",
					"properties": {
						"initially-visible": true,
						"initial-animation": "Fullscreen",
						"initial-frame": 0,
						"enable-collisions": true,
						"live-preview": false
					},
					"uid": 23,
					"sid": 369621293895149,
					"tags": "",
					"instanceVariables": {
						"Active": true,
						"Width_Size": 0,
						"Height_Size": 0
					},
					"behaviors": {},
					"showing": true,
					"locked": false,
					"world": {
						"x": 540,
						"y": 1720,
						"width": 110,
						"height": 128,
						"originX": 0.5,
						"originY": 0.5,
						"color": [
							1,
							1,
							1,
							1
						],
						"angle": 0,
						"zElevation": 0
					}
				},
				{
					"type": "Button_Exit",
					"properties": {
						"initially-visible": true,
						"initial-animation": "Default",
						"initial-frame": 1,
						"enable-collisions": true,
						"live-preview": false
					},
					"uid": 61,
					"sid": 609479560039345,
					"tags": "",
					"instanceVariables": {
						"Active": true,
						"Width_Size": 0,
						"Height_Size": 0
					},
					"behaviors": {},
					"showing": true,
					"locked": false,
					"world": {
						"x": 70,
						"y": 80,
						"width": 110,
						"height": 128,
						"originX": 0.5,
						"originY": 0.5,
						"color": [
							1,
							1,
							1,
							1
						],
						"angle": 0,
						"zElevation": 0
					}
				},
				{
					"type": "Player",
					"properties": {
						"initially-visible": true,
						"initial-animation": "Player_1_Idle",
						"initial-frame": 0,
						"enable-collisions": true,
						"live-preview": false
					},
					"uid": 44,
					"sid": 462887381102635,
					"tags": "",
					"instanceVariables": {},
					"behaviors": {
						"Pin": {
							"properties": {
								"destroy": false
							}
						}
					},
					"showing": true,
					"locked": false,
					"world": {
						"x": 540,
						"y": 1320,
						"width": 238,
						"height": 367,
						"originX": 0.529412,
						"originY": 1,
						"color": [
							1,
							1,
							1,
							1
						],
						"angle": 0,
						"zElevation": 0
					}
				},
				{
					"type": "Game_Logo",
					"properties": {
						"initially-visible": true,
						"initial-animation": "Default",
						"initial-frame": 0,
						"enable-collisions": true,
						"live-preview": false
					},
					"uid": 20,
					"sid": 309710645202608,
					"tags": "",
					"instanceVariables": {},
					"behaviors": {
						"Sine": {
							"properties": {
								"movement": "size",
								"wave": "sine",
								"period": 1,
								"period-random": 0,
								"period-offset": 0,
								"period-offset-random": 0,
								"magnitude": 10,
								"magnitude-random": 0,
								"enabled": true,
								"live-preview": false
							}
						}
					},
					"showing": true,
					"locked": false,
					"world": {
						"x": 540,
						"y": 470,
						"width": 960,
						"height": 558,
						"originX": 0.5,
						"originY": 0.5,
						"color": [
							1,
							1,
							1,
							1
						],
						"angle": 0,
						"zElevation": 0
					}
				}
			],
			"sid": 212461774030782,
			"effectTypes": [],
			"isInitiallyVisible": true,
			"isInitiallyInteractive": true,
			"isHTMLElementsLayer": false,
			"color": [
				1,
				1,
				1,
				1
			],
			"backgroundColor": [
				0,
				0,
				0,
				1
			],
			"isTransparent": true,
			"parallaxX": 0,
			"parallaxY": 0,
			"scaleRate": 1,
			"forceOwnTexture": false,
			"renderingMode": "3d",
			"drawOrder": "z-order",
			"useRenderCells": false,
			"blendMode": "normal",
			"zElevation": 0,
			"global": false
		},
		{
			"name": "Shadow",
			"overriden": 0,
			"subLayers": [],
			"instances": [],
			"sid": 2748718748799495,
			"effectTypes": [],
			"isInitiallyVisible": true,
			"isInitiallyInteractive": true,
			"isHTMLElementsLayer": false,
			"color": [
				1,
				1,
				1,
				1
			],
			"backgroundColor": [
				0,
				0,
				0,
				1
			],
			"isTransparent": false,
			"parallaxX": 0,
			"parallaxY": 0,
			"scaleRate": 1,
			"forceOwnTexture": false,
			"renderingMode": "3d",
			"drawOrder": "z-order",
			"useRenderCells": false,
			"blendMode": "normal",
			"zElevation": 0,
			"global": false
		},
		{
			"name": "Orientation",
			"overriden": 0,
			"subLayers": [],
			"instances": [
				{
					"type": "Orientation_Font",
					"properties": {
						"text": "Please set your device to landscape orientation to play this game properly!",
						"enable-bbcode": false,
						"character-width": 64,
						"character-height": 64,
						"character-set": "ABCDEFGHIJKLMNOPQRSTUVWXYZabcdefghijklmnopqrstuvwxyz0123456789.,:;-+=~%!?&$(){}[]\\/<>^*@#\"'|",
						"spacing-data": "",
						"scale": 1,
						"character-spacing": -40,
						"line-height": 0,
						"horizontal-alignment": "center",
						"vertical-alignment": "center",
						"wrapping": "word",
						"initially-visible": true,
						"origin": "center",
						"read-aloud": false
					},
					"uid": 21,
					"sid": 447346044610515,
					"tags": "",
					"instanceVariables": {},
					"behaviors": {},
					"showing": true,
					"locked": false,
					"world": {
						"x": 960,
						"y": 540,
						"width": 512,
						"height": 512,
						"originX": 0.5,
						"originY": 0.5,
						"color": [
							1,
							1,
							1,
							1
						],
						"angle": 0,
						"zElevation": 0
					}
				}
			],
			"sid": 3223804344849095,
			"effectTypes": [],
			"isInitiallyVisible": true,
			"isInitiallyInteractive": true,
			"isHTMLElementsLayer": false,
			"color": [
				1,
				1,
				1,
				1
			],
			"backgroundColor": [
				0,
				0,
				0,
				1
			],
			"isTransparent": false,
			"parallaxX": 0,
			"parallaxY": 0,
			"scaleRate": 1,
			"forceOwnTexture": false,
			"renderingMode": "3d",
			"drawOrder": "z-order",
			"useRenderCells": false,
			"blendMode": "normal",
			"zElevation": 0,
			"global": false
		}
	],
	"scene-graphs-folder-root": {
		"items": [],
		"subfolders": []
	},
	"sid": 3978585123239567,
	"nonworld-instances": [],
	"effectTypes": [],
	"width": 1080,
	"height": 1920,
	"unboundedScrolling": false,
	"vpX": 0.5,
	"vpY": 0.5,
	"projection": "perspective",
	"eventSheet": "Menu_Event"
}