{
	"name": "Game_Over",
	"layers": [
		{
			"name": "Background",
			"overriden": 0,
			"subLayers": [],
			"instances": [
				{
					"type": "Backgrounds",
					"properties": {
						"initially-visible": true,
						"initial-animation": "Default",
						"initial-frame": 0,
						"enable-collisions": true,
						"live-preview": false
					},
					"uid": 22,
					"sid": 356778189650759,
					"tags": "",
					"instanceVariables": {},
					"behaviors": {},
					"showing": true,
					"locked": false,
					"world": {
						"x": 540,
						"y": 960,
						"width": 1208,
						"height": 2048,
						"originX": 0.5,
						"originY": 0.5,
						"color": [
							1,
							1,
							1,
							1
						],
						"angle": 0,
						"zElevation": 0
					}
				},
				{
					"type": "Grounds",
					"properties": {
						"initially-visible": true,
						"initial-animation": "Default",
						"initial-frame": 0,
						"enable-collisions": true,
						"live-preview": false
					},
					"uid": 53,
					"sid": 906270607216133,
					"tags": "",
					"instanceVariables": {},
					"behaviors": {},
					"showing": true,
					"locked": false,
					"world": {
						"x": 540,
						"y": 1984,
						"width": 1208,
						"height": 580,
						"originX": 0.5,
						"originY": 1,
						"color": [
							1,
							1,
							1,
							1
						],
						"angle": 0,
						"zElevation": 0
					}
				}
			],
			"sid": 9084052122760856,
			"effectTypes": [],
			"isInitiallyVisible": true,
			"isInitiallyInteractive": true,
			"isHTMLElementsLayer": false,
			"color": [
				1,
				1,
				1,
				1
			],
			"backgroundColor": [
				0,
				0,
				0,
				1
			],
			"isTransparent": true,
			"parallaxX": 0,
			"parallaxY": 0,
			"scaleRate": 1,
			"forceOwnTexture": false,
			"renderingMode": "3d",
			"drawOrder": "z-order",
			"useRenderCells": false,
			"blendMode": "normal",
			"zElevation": 0,
			"global": false
		},
		{
			"name": "Gui",
			"overriden": 0,
			"subLayers": [],
			"instances": [
				{
					"type": "Sun_Rays",
					"properties": {
						"initially-visible": true,
						"initial-animation": "Default",
						"initial-frame": 0,
						"enable-collisions": true,
						"live-preview": false
					},
					"uid": 39,
					"sid": 603067303393518,
					"tags": "",
					"instanceVariables": {},
					"behaviors": {
						"Rotate": {
							"properties": {
								"speed": 45,
								"acceleration": 0,
								"enabled": true,
								"live-preview": false
							}
						}
					},
					"showing": true,
					"locked": false,
					"world": {
						"x": 540,
						"y": 760,
						"width": 1024,
						"height": 1024,
						"originX": 0.5,
						"originY": 0.5,
						"color": [
							1,
							1,
							1,
							1
						],
						"angle": 0,
						"zElevation": 0
					}
				},
				{
					"type": "Cursor",
					"properties": {
						"initially-visible": true,
						"initial-animation": "Default",
						"initial-frame": 0,
						"enable-collisions": true,
						"live-preview": false
					},
					"uid": 105,
					"sid": 867860090236044,
					"tags": "",
					"instanceVariables": {},
					"behaviors": {},
					"showing": true,
					"locked": false,
					"world": {
						"x": 520,
						"y": -200,
						"width": 96,
						"height": 64,
						"originX": 0.0833333,
						"originY": 0,
						"color": [
							1,
							1,
							1,
							1
						],
						"angle": 0,
						"zElevation": 0
					}
				},
				{
					"type": "Cursor_Pressed",
					"properties": {
						"initially-visible": true,
						"initial-animation": "Default",
						"initial-frame": 0,
						"enable-collisions": true,
						"live-preview": false
					},
					"uid": 106,
					"sid": 830937553012760,
					"tags": "",
					"instanceVariables": {},
					"behaviors": {},
					"showing": true,
					"locked": false,
					"world": {
						"x": 540,
						"y": -200,
						"width": 96,
						"height": 64,
						"originX": 0.0833333,
						"originY": 0,
						"color": [
							1,
							1,
							1,
							1
						],
						"angle": 0,
						"zElevation": 0
					}
				},
				{
					"type": "Game_Score_Font",
					"properties": {
						"text": "0",
						"enable-bbcode": false,
						"character-width": 256,
						"character-height": 256,
						"character-set": "0123456789:=+-/%",
						"spacing-data": "",
						"scale": 1,
						"character-spacing": -100,
						"line-height": 0,
						"horizontal-alignment": "center",
						"vertical-alignment": "center",
						"wrapping": "word",
						"initially-visible": true,
						"origin": "center",
						"read-aloud": false
					},
					"uid": 110,
					"sid": 615889576893638,
					"tags": "",
					"instanceVariables": {},
					"behaviors": {},
					"showing": true,
					"locked": false,
					"world": {
						"x": 540,
						"y": 760,
						"width": 1536,
						"height": 256,
						"originX": 0.5,
						"originY": 0.5,
						"color": [
							1,
							1,
							1,
							1
						],
						"angle": 0,
						"zElevation": 0
					}
				},
				{
					"type": "Button_Restart",
					"properties": {
						"initially-visible": true,
						"initial-animation": "Default",
						"initial-frame": 1,
						"enable-collisions": true,
						"live-preview": false
					},
					"uid": 121,
					"sid": 698677742131758,
					"tags": "",
					"instanceVariables": {
						"Active": true,
						"Width_Size": 0,
						"Height_Size": 0
					},
					"behaviors": {},
					"showing": true,
					"locked": false,
					"world": {
						"x": 540,
						"y": 1280,
						"width": 166,
						"height": 192,
						"originX": 0.5,
						"originY": 0.5,
						"color": [
							1,
							1,
							1,
							1
						],
						"angle": 0,
						"zElevation": 0
					}
				},
				{
					"type": "Text_You_Score",
					"properties": {
						"initially-visible": true,
						"initial-animation": "Default",
						"initial-frame": 0,
						"enable-collisions": true,
						"live-preview": false
					},
					"uid": 98,
					"sid": 694484722766544,
					"tags": "",
					"instanceVariables": {},
					"behaviors": {
						"Sine": {
							"properties": {
								"movement": "size",
								"wave": "sine",
								"period": 1,
								"period-random": 0,
								"period-offset": 0,
								"period-offset-random": 0,
								"magnitude": 10,
								"magnitude-random": 0,
								"enabled": true,
								"live-preview": false
							}
						}
					},
					"showing": true,
					"locked": false,
					"world": {
						"x": 540,
						"y": 200,
						"width": 900,
						"height": 186,
						"originX": 0.5,
						"originY": 0.5,
						"color": [
							1,
							1,
							1,
							1
						],
						"angle": 0,
						"zElevation": 0
					}
				},
				{
					"type": "Button_Menu",
					"properties": {
						"initially-visible": true,
						"initial-animation": "Default",
						"initial-frame": 1,
						"enable-collisions": true,
						"live-preview": false
					},
					"uid": 37,
					"sid": 638413234153391,
					"tags": "",
					"instanceVariables": {
						"Active": true,
						"Width_Size": 0,
						"Height_Size": 0
					},
					"behaviors": {},
					"showing": true,
					"locked": false,
					"world": {
						"x": 540,
						"y": 1760,
						"width": 110,
						"height": 128,
						"originX": 0.5,
						"originY": 0.5,
						"color": [
							1,
							1,
							1,
							1
						],
						"angle": 0,
						"zElevation": 0
					}
				},
				{
					"type": "Button_Music",
					"properties": {
						"initially-visible": true,
						"initial-animation": "Music",
						"initial-frame": 1,
						"enable-collisions": true,
						"live-preview": false
					},
					"uid": 38,
					"sid": 284242959032281,
					"tags": "",
					"instanceVariables": {
						"Active": true,
						"Width_Size": 0,
						"Height_Size": 0
					},
					"behaviors": {},
					"showing": true,
					"locked": false,
					"world": {
						"x": 210,
						"y": 1760,
						"width": 110,
						"height": 128,
						"originX": 0.5,
						"originY": 0.5,
						"color": [
							1,
							1,
							1,
							1
						],
						"angle": 0,
						"zElevation": 0
					}
				},
				{
					"type": "Button_Sound",
					"properties": {
						"initially-visible": true,
						"initial-animation": "Sound",
						"initial-frame": 1,
						"enable-collisions": true,
						"live-preview": false
					},
					"uid": 40,
					"sid": 188780219134946,
					"tags": "",
					"instanceVariables": {
						"Active": true,
						"Width_Size": 0,
						"Height_Size": 0
					},
					"behaviors": {},
					"showing": true,
					"locked": false,
					"world": {
						"x": 850,
						"y": 1760,
						"width": 110,
						"height": 128,
						"originX": 0.5,
						"originY": 0.5,
						"color": [
							1,
							1,
							1,
							1
						],
						"angle": 0,
						"zElevation": 0
					}
				},
				{
					"type": "Window_Top_Score",
					"properties": {
						"initially-visible": true,
						"initial-animation": "Default",
						"initial-frame": 0,
						"enable-collisions": true,
						"live-preview": false
					},
					"uid": 41,
					"sid": 163913598971817,
					"tags": "",
					"instanceVariables": {},
					"behaviors": {},
					"showing": true,
					"locked": false,
					"world": {
						"x": 540,
						"y": 1540,
						"width": 600,
						"height": 120,
						"originX": 0.5,
						"originY": 0.5,
						"color": [
							1,
							1,
							1,
							1
						],
						"angle": 0,
						"zElevation": 0
					}
				},
				{
					"type": "Top_Score_Font",
					"properties": {
						"text": "TOP SCORE:0",
						"enable-bbcode": false,
						"character-width": 96,
						"character-height": 96,
						"character-set": "ABCDEFGHIJKLMNOPQRSTUVWXYZabcdefghijklmnopqrstuvwxyz0123456789.,:;-+=~%!?&$(){}[]\\/<>^*@#\"'|",
						"spacing-data": "",
						"scale": 1,
						"character-spacing": -60,
						"line-height": 0,
						"horizontal-alignment": "center",
						"vertical-alignment": "center",
						"wrapping": "word",
						"initially-visible": true,
						"origin": "center",
						"read-aloud": false
					},
					"uid": 19,
					"sid": 495712346211519,
					"tags": "",
					"instanceVariables": {},
					"behaviors": {},
					"showing": true,
					"locked": false,
					"world": {
						"x": 540,
						"y": 1540,
						"width": 640,
						"height": 96,
						"originX": 0.5,
						"originY": 0.5,
						"color": [
							1,
							1,
							1,
							1
						],
						"angle": 0,
						"zElevation": 0
					}
				}
			],
			"sid": 2648352655789057,
			"effectTypes": [],
			"isInitiallyVisible": true,
			"isInitiallyInteractive": true,
			"isHTMLElementsLayer": false,
			"color": [
				1,
				1,
				1,
				1
			],
			"backgroundColor": [
				0,
				0,
				0,
				1
			],
			"isTransparent": true,
			"parallaxX": 0,
			"parallaxY": 0,
			"scaleRate": 1,
			"forceOwnTexture": false,
			"renderingMode": "3d",
			"drawOrder": "z-order",
			"useRenderCells": false,
			"blendMode": "normal",
			"zElevation": 0,
			"global": false
		},
		{
			"name": "Shadow",
			"overriden": 0,
			"subLayers": [],
			"instances": [],
			"sid": 5668485006917579,
			"effectTypes": [],
			"isInitiallyVisible": true,
			"isInitiallyInteractive": true,
			"isHTMLElementsLayer": false,
			"color": [
				1,
				1,
				1,
				1
			],
			"backgroundColor": [
				0,
				0,
				0,
				1
			],
			"isTransparent": false,
			"parallaxX": 0,
			"parallaxY": 0,
			"scaleRate": 1,
			"forceOwnTexture": false,
			"renderingMode": "3d",
			"drawOrder": "z-order",
			"useRenderCells": false,
			"blendMode": "normal",
			"zElevation": 0,
			"global": false
		},
		{
			"name": "Orientation",
			"overriden": 0,
			"subLayers": [],
			"instances": [
				{
					"type": "Orientation_Font",
					"properties": {
						"text": "Please set your device to landscape orientation to play this game properly!",
						"enable-bbcode": false,
						"character-width": 64,
						"character-height": 64,
						"character-set": "ABCDEFGHIJKLMNOPQRSTUVWXYZabcdefghijklmnopqrstuvwxyz0123456789.,:;-+=~%!?&$(){}[]\\/<>^*@#\"'|",
						"spacing-data": "",
						"scale": 1,
						"character-spacing": -40,
						"line-height": 0,
						"horizontal-alignment": "center",
						"vertical-alignment": "center",
						"wrapping": "word",
						"initially-visible": true,
						"origin": "center",
						"read-aloud": false
					},
					"uid": 25,
					"sid": 637394698556805,
					"tags": "",
					"instanceVariables": {},
					"behaviors": {},
					"showing": true,
					"locked": false,
					"world": {
						"x": 960,
						"y": 540,
						"width": 512,
						"height": 512,
						"originX": 0.5,
						"originY": 0.5,
						"color": [
							1,
							1,
							1,
							1
						],
						"angle": 0,
						"zElevation": 0
					}
				}
			],
			"sid": 2366181684185138,
			"effectTypes": [],
			"isInitiallyVisible": true,
			"isInitiallyInteractive": true,
			"isHTMLElementsLayer": false,
			"color": [
				1,
				1,
				1,
				1
			],
			"backgroundColor": [
				0,
				0,
				0,
				1
			],
			"isTransparent": false,
			"parallaxX": 0,
			"parallaxY": 0,
			"scaleRate": 1,
			"forceOwnTexture": false,
			"renderingMode": "3d",
			"drawOrder": "z-order",
			"useRenderCells": false,
			"blendMode": "normal",
			"zElevation": 0,
			"global": false
		}
	],
	"scene-graphs-folder-root": {
		"items": [],
		"subfolders": []
	},
	"sid": 114084605368268,
	"nonworld-instances": [],
	"effectTypes": [],
	"width": 1080,
	"height": 1920,
	"unboundedScrolling": false,
	"vpX": 0.5,
	"vpY": 0.5,
	"projection": "perspective",
	"eventSheet": "Game_Over_Event"
}