{
	"name": "Background_6_Moon",
	"plugin-id": "Sprite",
	"sid": 714798204874502,
	"isGlobal": false,
	"instanceVariables": [],
	"behaviorTypes": [],
	"effectTypes": [],
	"animations": {
		"items": [
			{
				"frames": [
					{
						"width": 1024,
						"height": 1024,
						"originX": 0.5,
						"originY": 0.5,
						"originalSource": "I:\\GAME DEVELOPMENT\\IN DEVELOPING\\083_Stack_Jump\\Textures\\Background_6_Moon.png",
						"exportFormat": "lossless",
						"exportQuality": 0.8,
						"fileType": "image/png",
						"imageSpriteId": 13,
						"useCollisionPoly": true,
						"duration": 1,
						"tag": ""
					}
				],
				"sid": 468051951531696,
				"name": "Default",
				"isLooping": false,
				"isPingPong": false,
				"repeatCount": 1,
				"repeatTo": 0,
				"speed": 0
			}
		],
		"subfolders": []
	}
}