{
	"name": "Bonus_Font",
	"plugin-id": "Spritefont2",
	"sid": 4950876878223394,
	"isGlobal": false,
	"instanceVariables": [],
	"behaviorTypes": [
		{
			"behaviorId": "Fade",
			"name": "Fade",
			"sid": 546695239942797
		}
	],
	"effectTypes": [],
	"image": {
		"width": 2048,
		"height": 1024,
		"originX": 0.5,
		"originY": 0.5,
		"originalSource": "I:\\GAME DEVELOPMENT\\IN DEVELOPING\\083_Stack_Jump\\Textures\\Font_Cabold_Comic-2048.png",
		"exportFormat": "lossless",
		"exportQuality": 0.8,
		"fileType": "image/png",
		"imageSpriteId": 79,
		"useCollisionPoly": true,
		"tag": ""
	}
}