{
	"name": "Level_Score_Font",
	"plugin-id": "Spritefont2",
	"sid": 141679894295519,
	"isGlobal": false,
	"instanceVariables": [
		{
			"name": "Level",
			"type": "number",
			"desc": "",
			"show": true,
			"sid": 946196038427797
		}
	],
	"behaviorTypes": [],
	"effectTypes": [],
	"image": {
		"width": 1536,
		"height": 768,
		"originX": 0.5,
		"originY": 0.5,
		"originalSource": "I:\\GAME DEVELOPMENT\\IN DEVELOPING\\083_Stack_Jump\\Textures\\Font_All_Big-01.png",
		"exportFormat": "lossless",
		"exportQuality": 0.8,
		"fileType": "image/png",
		"imageSpriteId": 85,
		"useCollisionPoly": true,
		"tag": ""
	}
}