{
	"name": "Button_Exit",
	"plugin-id": "Sprite",
	"sid": 2111827669088815,
	"isGlobal": false,
	"instanceVariables": [],
	"behaviorTypes": [],
	"effectTypes": [],
	"animations": {
		"items": [
			{
				"frames": [
					{
						"width": 110,
						"height": 128,
						"originX": 0.5,
						"originY": 0.5,
						"originalSource": "I:\\GAME DEVELOPMENT\\IN DEVELOPING\\083_Stack_Jump\\Textures\\Buttons\\Button_Exit_Off.png",
						"exportFormat": "lossless",
						"exportQuality": 0.8,
						"fileType": "image/png",
						"imageSpriteId": 86,
						"useCollisionPoly": true,
						"duration": 1,
						"tag": ""
					},
					{
						"width": 110,
						"height": 128,
						"originX": 0.5,
						"originY": 0.5,
						"originalSource": "I:\\GAME DEVELOPMENT\\IN DEVELOPING\\083_Stack_Jump\\Textures\\Buttons\\Button_Exit_On.png",
						"exportFormat": "lossless",
						"exportQuality": 0.8,
						"fileType": "image/png",
						"imageSpriteId": 87,
						"useCollisionPoly": true,
						"duration": 1,
						"tag": ""
					}
				],
				"sid": 925503547813914,
				"name": "Default",
				"isLooping": false,
				"isPingPong": false,
				"repeatCount": 1,
				"repeatTo": 0,
				"speed": 8
			}
		],
		"subfolders": []
	}
}