{
	"name": "Background_Stars",
	"plugin-id": "Sprite",
	"sid": 816382730768864,
	"isGlobal": false,
	"instanceVariables": [
		{
			"name": "Size",
			"type": "number",
			"desc": "",
			"show": true,
			"sid": 954537706821121
		}
	],
	"behaviorTypes": [
		{
			"behaviorId": "Fade",
			"name": "Fade",
			"sid": 947257342262517
		},
		{
			"behaviorId": "Sin",
			"name": "Sine",
			"sid": 145651475504743
		}
	],
	"effectTypes": [],
	"animations": {
		"items": [
			{
				"frames": [
					{
						"width": 32,
						"height": 32,
						"originX": 0.5,
						"originY": 0.5,
						"originalSource": "I:\\GAME DEVELOPMENT\\IN DEVELOPING\\083_Stack_Jump\\Textures\\Background_1_Star.png",
						"exportFormat": "lossless",
						"exportQuality": 0.8,
						"fileType": "image/png",
						"imageSpriteId": 39,
						"useCollisionPoly": true,
						"duration": 1,
						"tag": ""
					}
				],
				"sid": 839269126800908,
				"name": "Level_1",
				"isLooping": false,
				"isPingPong": false,
				"repeatCount": 1,
				"repeatTo": 0,
				"speed": 0
			},
			{
				"frames": [
					{
						"width": 32,
						"height": 32,
						"originX": 0.5,
						"originY": 0.5,
						"originalSource": "I:\\GAME DEVELOPMENT\\IN DEVELOPING\\083_Stack_Jump\\Textures\\Background_4_Star.png",
						"exportFormat": "lossless",
						"exportQuality": 0.8,
						"fileType": "image/png",
						"imageSpriteId": 40,
						"useCollisionPoly": true,
						"duration": 1,
						"tag": ""
					}
				],
				"sid": 680371536926745,
				"name": "Level_4",
				"isLooping": false,
				"isPingPong": false,
				"repeatCount": 1,
				"repeatTo": 0,
				"speed": 0
			},
			{
				"frames": [
					{
						"width": 32,
						"height": 32,
						"originX": 0.5,
						"originY": 0.5,
						"originalSource": "I:\\GAME DEVELOPMENT\\IN DEVELOPING\\083_Stack_Jump\\Textures\\Background_6_Star.png",
						"exportFormat": "lossless",
						"exportQuality": 0.8,
						"fileType": "image/png",
						"imageSpriteId": 41,
						"useCollisionPoly": true,
						"duration": 1,
						"tag": ""
					}
				],
				"sid": 587920033826072,
				"name": "Level_6",
				"isLooping": false,
				"isPingPong": false,
				"repeatCount": 1,
				"repeatTo": 0,
				"speed": 0
			}
		],
		"subfolders": []
	}
}