{
	"name": "Backgrounds",
	"plugin-id": "Sprite",
	"sid": 441209833930646,
	"isGlobal": false,
	"instanceVariables": [],
	"behaviorTypes": [],
	"effectTypes": [],
	"animations": {
		"items": [
			{
				"frames": [
					{
						"width": 1208,
						"height": 2048,
						"originX": 0.5,
						"originY": 0.5,
						"originalSource": "D:\\Игрострой\\Stack_Jump\\Textures\\Background_1.png",
						"exportFormat": "lossless",
						"exportQuality": 0.8,
						"fileType": "image/png",
						"imageSpriteId": 17,
						"useCollisionPoly": true,
						"duration": 1,
						"tag": ""
					},
					{
						"width": 1208,
						"height": 2048,
						"originX": 0.5,
						"originY": 0.5,
						"originalSource": "D:\\Игрострой\\Stack_Jump\\Textures\\Background_2.png",
						"exportFormat": "lossless",
						"exportQuality": 0.8,
						"fileType": "image/png",
						"imageSpriteId": 5,
						"useCollisionPoly": true,
						"duration": 1,
						"tag": ""
					},
					{
						"width": 1208,
						"height": 2048,
						"originX": 0.5,
						"originY": 0.5,
						"originalSource": "D:\\Игрострой\\Stack_Jump\\Textures\\Background_3.png",
						"exportFormat": "lossless",
						"exportQuality": 0.8,
						"fileType": "image/png",
						"imageSpriteId": 16,
						"useCollisionPoly": true,
						"duration": 1,
						"tag": ""
					},
					{
						"width": 1208,
						"height": 2048,
						"originX": 0.5,
						"originY": 0.5,
						"originalSource": "D:\\Игрострой\\Stack_Jump\\Textures\\Background_4.png",
						"exportFormat": "lossless",
						"exportQuality": 0.8,
						"fileType": "image/png",
						"imageSpriteId": 11,
						"useCollisionPoly": true,
						"duration": 1,
						"tag": ""
					},
					{
						"width": 1208,
						"height": 2048,
						"originX": 0.5,
						"originY": 0.5,
						"originalSource": "D:\\Игрострой\\Stack_Jump\\Textures\\Background_5.png",
						"exportFormat": "lossless",
						"exportQuality": 0.8,
						"fileType": "image/png",
						"imageSpriteId": 10,
						"useCollisionPoly": true,
						"duration": 1,
						"tag": ""
					},
					{
						"width": 1208,
						"height": 2048,
						"originX": 0.5,
						"originY": 0.5,
						"originalSource": "D:\\Игрострой\\Stack_Jump\\Textures\\Background_6.png",
						"exportFormat": "lossless",
						"exportQuality": 0.8,
						"fileType": "image/png",
						"imageSpriteId": 12,
						"useCollisionPoly": true,
						"duration": 1,
						"tag": ""
					}
				],
				"sid": 344627767417240,
				"name": "Default",
				"isLooping": false,
				"isPingPong": false,
				"repeatCount": 1,
				"repeatTo": 0,
				"speed": 0
			}
		],
		"subfolders": []
	}
}