{
	"name": "Game_Score_Font",
	"plugin-id": "Spritefont2",
	"sid": 2431565436246973,
	"isGlobal": false,
	"instanceVariables": [],
	"behaviorTypes": [],
	"effectTypes": [],
	"image": {
		"width": 1024,
		"height": 1024,
		"originX": 0.5,
		"originY": 0.5,
		"originalSource": "I:\\GAME DEVELOPMENT\\IN DEVELOPING\\083_Stack_Jump\\Textures\\Font_Numbers Riffic Free Bold.png",
		"exportFormat": "lossless",
		"exportQuality": 0.8,
		"fileType": "image/png",
		"imageSpriteId": 83,
		"useCollisionPoly": true,
		"tag": ""
	}
}