{
	"name": "Warning_Sign",
	"plugin-id": "Sprite",
	"sid": 424280040817642,
	"isGlobal": false,
	"instanceVariables": [],
	"behaviorTypes": [
		{
			"behaviorId": "Sin",
			"name": "Sine",
			"sid": 995377001611336
		}
	],
	"effectTypes": [],
	"animations": {
		"items": [
			{
				"frames": [
					{
						"width": 168,
						"height": 358,
						"originX": 0,
						"originY": 0.5,
						"originalSource": "I:\\GAME DEVELOPMENT\\IN DEVELOPING\\083_Stack_Jump\\Textures\\Warning_Sign.png",
						"exportFormat": "lossless",
						"exportQuality": 0.8,
						"fileType": "image/png",
						"imageSpriteId": 485,
						"useCollisionPoly": true,
						"duration": 1,
						"tag": ""
					},
					{
						"width": 168,
						"height": 358,
						"originX": 1,
						"originY": 0.5,
						"originalSource": "",
						"exportFormat": "lossless",
						"exportQuality": 0.8,
						"fileType": "image/png",
						"imageSpriteId": 486,
						"collisionPoly": {
							"points": [
								1,
								1,
								0,
								1,
								0,
								0,
								1,
								0
							]
						},
						"useCollisionPoly": true,
						"duration": 1,
						"tag": ""
					}
				],
				"sid": 278806998257547,
				"name": "Default",
				"isLooping": false,
				"isPingPong": false,
				"repeatCount": 1,
				"repeatTo": 0,
				"speed": 0
			}
		],
		"subfolders": []
	}
}