{
	"name": "Grounds",
	"plugin-id": "Sprite",
	"sid": 634229984257695,
	"isGlobal": false,
	"instanceVariables": [],
	"behaviorTypes": [],
	"effectTypes": [],
	"animations": {
		"items": [
			{
				"frames": [
					{
						"width": 1208,
						"height": 580,
						"originX": 0.5,
						"originY": 1,
						"originalSource": "D:\\Игрострой\\Stack_Jump\\Textures\\Background_1_Ground.png",
						"exportFormat": "lossless",
						"exportQuality": 0.8,
						"fileType": "image/png",
						"imageSpriteId": 6,
						"useCollisionPoly": true,
						"duration": 1,
						"tag": ""
					},
					{
						"width": 1208,
						"height": 1525,
						"originX": 0.5,
						"originY": 1,
						"originalSource": "D:\\Игрострой\\Stack_Jump\\Textures\\Background_2_Ground.png",
						"exportFormat": "lossless",
						"exportQuality": 0.8,
						"fileType": "image/png",
						"imageSpriteId": 15,
						"useCollisionPoly": true,
						"duration": 1,
						"tag": ""
					},
					{
						"width": 1208,
						"height": 449,
						"originX": 0.5,
						"originY": 1,
						"originalSource": "D:\\Игрострой\\Stack_Jump\\Textures\\Background_3_Ground.png",
						"exportFormat": "lossless",
						"exportQuality": 0.8,
						"fileType": "image/png",
						"imageSpriteId": 14,
						"useCollisionPoly": true,
						"duration": 1,
						"tag": ""
					},
					{
						"width": 1208,
						"height": 535,
						"originX": 0.5,
						"originY": 1,
						"originalSource": "D:\\Игрострой\\Stack_Jump\\Textures\\Background_4_Ground.png",
						"exportFormat": "lossless",
						"exportQuality": 0.8,
						"fileType": "image/png",
						"imageSpriteId": 7,
						"useCollisionPoly": true,
						"duration": 1,
						"tag": ""
					},
					{
						"width": 1208,
						"height": 333,
						"originX": 0.5,
						"originY": 1,
						"originalSource": "D:\\Игрострой\\Stack_Jump\\Textures\\Background_5_Ground.png",
						"exportFormat": "lossless",
						"exportQuality": 0.8,
						"fileType": "image/png",
						"imageSpriteId": 18,
						"useCollisionPoly": true,
						"duration": 1,
						"tag": ""
					},
					{
						"width": 1208,
						"height": 327,
						"originX": 0.5,
						"originY": 1,
						"originalSource": "D:\\Игрострой\\Stack_Jump\\Textures\\Background_6_Ground.png",
						"exportFormat": "lossless",
						"exportQuality": 0.8,
						"fileType": "image/png",
						"imageSpriteId": 3,
						"useCollisionPoly": true,
						"duration": 1,
						"tag": ""
					}
				],
				"sid": 892596128042556,
				"name": "Default",
				"isLooping": false,
				"isPingPong": false,
				"repeatCount": 1,
				"repeatTo": 0,
				"speed": 0
			}
		],
		"subfolders": []
	}
}