{
	"name": "Top_Score_Font",
	"plugin-id": "Spritefont2",
	"sid": 4105270734692883,
	"isGlobal": false,
	"instanceVariables": [],
	"behaviorTypes": [],
	"effectTypes": [],
	"image": {
		"width": 1536,
		"height": 768,
		"originX": 0.5,
		"originY": 0.5,
		"originalSource": "I:\\GAME DEVELOPMENT\\IN DEVELOPING\\083_Stack_Jump\\Textures\\Font_All_Big-01.png",
		"exportFormat": "lossless",
		"exportQuality": 0.8,
		"fileType": "image/png",
		"imageSpriteId": 80,
		"useCollisionPoly": true,
		"tag": ""
	}
}