{
	"name": "Collision_Player",
	"plugin-id": "Sprite",
	"sid": 898739382745035,
	"isGlobal": false,
	"instanceVariables": [
		{
			"name": "Fall_Left",
			"type": "boolean",
			"desc": "",
			"show": true,
			"sid": 432050398413722
		},
		{
			"name": "Fall_Right",
			"type": "boolean",
			"desc": "",
			"show": true,
			"sid": 927423500373711
		},
		{
			"name": "Fall_Speed",
			"type": "number",
			"desc": "",
			"show": true,
			"sid": 725693842144925
		},
		{
			"name": "Touched_Block_ID",
			"type": "number",
			"desc": "",
			"show": true,
			"sid": 506571262390143
		}
	],
	"behaviorTypes": [
		{
			"behaviorId": "Platform",
			"name": "Platform",
			"sid": 521514161751834
		},
		{
			"behaviorId": "bound",
			"name": "BoundToLayout",
			"sid": 480971784437334
		}
	],
	"effectTypes": [],
	"animations": {
		"items": [
			{
				"frames": [
					{
						"width": 128,
						"height": 200,
						"originX": 0.5,
						"originY": 1,
						"originalSource": "",
						"exportFormat": "lossless",
						"exportQuality": 0.8,
						"fileType": "image/png",
						"imageSpriteId": 116,
						"useCollisionPoly": true,
						"imagePoints": [
							{
								"name": "Camera",
								"x": 0.5,
								"y": 0.5
							},
							{
								"name": "Player",
								"x": 0.5,
								"y": 0.95
							}
						],
						"duration": 1,
						"tag": ""
					}
				],
				"sid": 910266568620969,
				"name": "Default",
				"isLooping": false,
				"isPingPong": false,
				"repeatCount": 1,
				"repeatTo": 0,
				"speed": 5
			}
		],
		"subfolders": []
	}
}