{
	"name": "Blocks",
	"plugin-id": "Sprite",
	"sid": 619270685318220,
	"isGlobal": false,
	"instanceVariables": [
		{
			"name": "ID",
			"type": "number",
			"desc": "",
			"show": true,
			"sid": 480662729818564
		}
	],
	"behaviorTypes": [
		{
			"behaviorId": "Pin",
			"name": "Pin",
			"sid": 875403031401757
		}
	],
	"effectTypes": [],
	"animations": {
		"items": [
			{
				"frames": [
					{
						"width": 362,
						"height": 224,
						"originX": 0.5,
						"originY": 1,
						"originalSource": "I:\\GAME DEVELOPMENT\\IN DEVELOPING\\083_Stack_Jump\\Textures\\Background_1_Block_01.png",
						"exportFormat": "lossless",
						"exportQuality": 0.8,
						"fileType": "image/png",
						"imageSpriteId": 133,
						"useCollisionPoly": true,
						"duration": 1,
						"tag": ""
					},
					{
						"width": 362,
						"height": 224,
						"originX": 0.5,
						"originY": 1,
						"originalSource": "I:\\GAME DEVELOPMENT\\IN DEVELOPING\\083_Stack_Jump\\Textures\\Background_1_Block_02.png",
						"exportFormat": "lossless",
						"exportQuality": 0.8,
						"fileType": "image/png",
						"imageSpriteId": 134,
						"useCollisionPoly": true,
						"duration": 1,
						"tag": ""
					},
					{
						"width": 362,
						"height": 224,
						"originX": 0.5,
						"originY": 1,
						"originalSource": "I:\\GAME DEVELOPMENT\\IN DEVELOPING\\083_Stack_Jump\\Textures\\Background_1_Block_03.png",
						"exportFormat": "lossless",
						"exportQuality": 0.8,
						"fileType": "image/png",
						"imageSpriteId": 135,
						"useCollisionPoly": true,
						"duration": 1,
						"tag": ""
					},
					{
						"width": 362,
						"height": 224,
						"originX": 0.5,
						"originY": 1,
						"originalSource": "I:\\GAME DEVELOPMENT\\IN DEVELOPING\\083_Stack_Jump\\Textures\\Background_1_Block_04.png",
						"exportFormat": "lossless",
						"exportQuality": 0.8,
						"fileType": "image/png",
						"imageSpriteId": 136,
						"useCollisionPoly": true,
						"duration": 1,
						"tag": ""
					},
					{
						"width": 362,
						"height": 224,
						"originX": 0.5,
						"originY": 1,
						"originalSource": "I:\\GAME DEVELOPMENT\\IN DEVELOPING\\083_Stack_Jump\\Textures\\Background_1_Block_05.png",
						"exportFormat": "lossless",
						"exportQuality": 0.8,
						"fileType": "image/png",
						"imageSpriteId": 137,
						"useCollisionPoly": true,
						"duration": 1,
						"tag": ""
					},
					{
						"width": 362,
						"height": 224,
						"originX": 0.5,
						"originY": 1,
						"originalSource": "I:\\GAME DEVELOPMENT\\IN DEVELOPING\\083_Stack_Jump\\Textures\\Background_1_Block_06.png",
						"exportFormat": "lossless",
						"exportQuality": 0.8,
						"fileType": "image/png",
						"imageSpriteId": 138,
						"useCollisionPoly": true,
						"duration": 1,
						"tag": ""
					},
					{
						"width": 362,
						"height": 224,
						"originX": 0.5,
						"originY": 1,
						"originalSource": "I:\\GAME DEVELOPMENT\\IN DEVELOPING\\083_Stack_Jump\\Textures\\Background_1_Block_07.png",
						"exportFormat": "lossless",
						"exportQuality": 0.8,
						"fileType": "image/png",
						"imageSpriteId": 139,
						"useCollisionPoly": true,
						"duration": 1,
						"tag": ""
					},
					{
						"width": 362,
						"height": 224,
						"originX": 0.5,
						"originY": 1,
						"originalSource": "I:\\GAME DEVELOPMENT\\IN DEVELOPING\\083_Stack_Jump\\Textures\\Background_1_Block_08.png",
						"exportFormat": "lossless",
						"exportQuality": 0.8,
						"fileType": "image/png",
						"imageSpriteId": 140,
						"useCollisionPoly": true,
						"duration": 1,
						"tag": ""
					},
					{
						"width": 362,
						"height": 224,
						"originX": 0.5,
						"originY": 1,
						"originalSource": "I:\\GAME DEVELOPMENT\\IN DEVELOPING\\083_Stack_Jump\\Textures\\Background_1_Block_09.png",
						"exportFormat": "lossless",
						"exportQuality": 0.8,
						"fileType": "image/png",
						"imageSpriteId": 141,
						"useCollisionPoly": true,
						"duration": 1,
						"tag": ""
					},
					{
						"width": 362,
						"height": 224,
						"originX": 0.5,
						"originY": 1,
						"originalSource": "I:\\GAME DEVELOPMENT\\IN DEVELOPING\\083_Stack_Jump\\Textures\\Background_1_Block_10.png",
						"exportFormat": "lossless",
						"exportQuality": 0.8,
						"fileType": "image/png",
						"imageSpriteId": 142,
						"useCollisionPoly": true,
						"duration": 1,
						"tag": ""
					}
				],
				"sid": 344043313138340,
				"name": "Level_1",
				"isLooping": false,
				"isPingPong": false,
				"repeatCount": 1,
				"repeatTo": 0,
				"speed": 0
			},
			{
				"frames": [
					{
						"width": 508,
						"height": 238,
						"originX": 0.5,
						"originY": 1,
						"originalSource": "I:\\GAME DEVELOPMENT\\IN DEVELOPING\\083_Stack_Jump\\Textures\\Alignment\\Background_2_Block_01.png",
						"exportFormat": "lossless",
						"exportQuality": 0.8,
						"fileType": "image/png",
						"imageSpriteId": 143,
						"useCollisionPoly": true,
						"duration": 1,
						"tag": ""
					},
					{
						"width": 508,
						"height": 238,
						"originX": 0.5,
						"originY": 1,
						"originalSource": "I:\\GAME DEVELOPMENT\\IN DEVELOPING\\083_Stack_Jump\\Textures\\Alignment\\Background_2_Block_02.png",
						"exportFormat": "lossless",
						"exportQuality": 0.8,
						"fileType": "image/png",
						"imageSpriteId": 144,
						"useCollisionPoly": true,
						"duration": 1,
						"tag": ""
					},
					{
						"width": 508,
						"height": 238,
						"originX": 0.5,
						"originY": 1,
						"originalSource": "I:\\GAME DEVELOPMENT\\IN DEVELOPING\\083_Stack_Jump\\Textures\\Alignment\\Background_2_Block_03.png",
						"exportFormat": "lossless",
						"exportQuality": 0.8,
						"fileType": "image/png",
						"imageSpriteId": 145,
						"useCollisionPoly": true,
						"duration": 1,
						"tag": ""
					},
					{
						"width": 508,
						"height": 238,
						"originX": 0.5,
						"originY": 1,
						"originalSource": "I:\\GAME DEVELOPMENT\\IN DEVELOPING\\083_Stack_Jump\\Textures\\Alignment\\Background_2_Block_04.png",
						"exportFormat": "lossless",
						"exportQuality": 0.8,
						"fileType": "image/png",
						"imageSpriteId": 146,
						"useCollisionPoly": true,
						"duration": 1,
						"tag": ""
					},
					{
						"width": 508,
						"height": 238,
						"originX": 0.5,
						"originY": 1,
						"originalSource": "I:\\GAME DEVELOPMENT\\IN DEVELOPING\\083_Stack_Jump\\Textures\\Alignment\\Background_2_Block_05.png",
						"exportFormat": "lossless",
						"exportQuality": 0.8,
						"fileType": "image/png",
						"imageSpriteId": 147,
						"useCollisionPoly": true,
						"duration": 1,
						"tag": ""
					},
					{
						"width": 508,
						"height": 238,
						"originX": 0.5,
						"originY": 1,
						"originalSource": "I:\\GAME DEVELOPMENT\\IN DEVELOPING\\083_Stack_Jump\\Textures\\Alignment\\Background_2_Block_06.png",
						"exportFormat": "lossless",
						"exportQuality": 0.8,
						"fileType": "image/png",
						"imageSpriteId": 148,
						"useCollisionPoly": true,
						"duration": 1,
						"tag": ""
					},
					{
						"width": 508,
						"height": 238,
						"originX": 0.5,
						"originY": 1,
						"originalSource": "I:\\GAME DEVELOPMENT\\IN DEVELOPING\\083_Stack_Jump\\Textures\\Alignment\\Background_2_Block_07.png",
						"exportFormat": "lossless",
						"exportQuality": 0.8,
						"fileType": "image/png",
						"imageSpriteId": 149,
						"useCollisionPoly": true,
						"duration": 1,
						"tag": ""
					},
					{
						"width": 508,
						"height": 238,
						"originX": 0.5,
						"originY": 1,
						"originalSource": "I:\\GAME DEVELOPMENT\\IN DEVELOPING\\083_Stack_Jump\\Textures\\Alignment\\Background_2_Block_08.png",
						"exportFormat": "lossless",
						"exportQuality": 0.8,
						"fileType": "image/png",
						"imageSpriteId": 150,
						"useCollisionPoly": true,
						"duration": 1,
						"tag": ""
					},
					{
						"width": 508,
						"height": 238,
						"originX": 0.5,
						"originY": 1,
						"originalSource": "I:\\GAME DEVELOPMENT\\IN DEVELOPING\\083_Stack_Jump\\Textures\\Alignment\\Background_2_Block_09.png",
						"exportFormat": "lossless",
						"exportQuality": 0.8,
						"fileType": "image/png",
						"imageSpriteId": 151,
						"useCollisionPoly": true,
						"duration": 1,
						"tag": ""
					},
					{
						"width": 508,
						"height": 238,
						"originX": 0.5,
						"originY": 1,
						"originalSource": "I:\\GAME DEVELOPMENT\\IN DEVELOPING\\083_Stack_Jump\\Textures\\Alignment\\Background_2_Block_10.png",
						"exportFormat": "lossless",
						"exportQuality": 0.8,
						"fileType": "image/png",
						"imageSpriteId": 152,
						"useCollisionPoly": true,
						"duration": 1,
						"tag": ""
					}
				],
				"sid": 626793250376819,
				"name": "Level_2",
				"isLooping": false,
				"isPingPong": false,
				"repeatCount": 1,
				"repeatTo": 0,
				"speed": 0
			},
			{
				"frames": [
					{
						"width": 366,
						"height": 230,
						"originX": 0.5,
						"originY": 1,
						"originalSource": "I:\\GAME DEVELOPMENT\\IN DEVELOPING\\083_Stack_Jump\\Textures\\Alignment\\Background_3_Block_01.png",
						"exportFormat": "lossless",
						"exportQuality": 0.8,
						"fileType": "image/png",
						"imageSpriteId": 153,
						"useCollisionPoly": true,
						"duration": 1,
						"tag": ""
					},
					{
						"width": 366,
						"height": 230,
						"originX": 0.5,
						"originY": 1,
						"originalSource": "I:\\GAME DEVELOPMENT\\IN DEVELOPING\\083_Stack_Jump\\Textures\\Alignment\\Background_3_Block_02.png",
						"exportFormat": "lossless",
						"exportQuality": 0.8,
						"fileType": "image/png",
						"imageSpriteId": 154,
						"useCollisionPoly": true,
						"duration": 1,
						"tag": ""
					},
					{
						"width": 366,
						"height": 230,
						"originX": 0.5,
						"originY": 1,
						"originalSource": "I:\\GAME DEVELOPMENT\\IN DEVELOPING\\083_Stack_Jump\\Textures\\Alignment\\Background_3_Block_03.png",
						"exportFormat": "lossless",
						"exportQuality": 0.8,
						"fileType": "image/png",
						"imageSpriteId": 155,
						"useCollisionPoly": true,
						"duration": 1,
						"tag": ""
					},
					{
						"width": 366,
						"height": 230,
						"originX": 0.5,
						"originY": 1,
						"originalSource": "I:\\GAME DEVELOPMENT\\IN DEVELOPING\\083_Stack_Jump\\Textures\\Alignment\\Background_3_Block_04.png",
						"exportFormat": "lossless",
						"exportQuality": 0.8,
						"fileType": "image/png",
						"imageSpriteId": 156,
						"useCollisionPoly": true,
						"duration": 1,
						"tag": ""
					},
					{
						"width": 366,
						"height": 230,
						"originX": 0.5,
						"originY": 1,
						"originalSource": "I:\\GAME DEVELOPMENT\\IN DEVELOPING\\083_Stack_Jump\\Textures\\Alignment\\Background_3_Block_05.png",
						"exportFormat": "lossless",
						"exportQuality": 0.8,
						"fileType": "image/png",
						"imageSpriteId": 157,
						"useCollisionPoly": true,
						"duration": 1,
						"tag": ""
					},
					{
						"width": 366,
						"height": 230,
						"originX": 0.5,
						"originY": 1,
						"originalSource": "I:\\GAME DEVELOPMENT\\IN DEVELOPING\\083_Stack_Jump\\Textures\\Alignment\\Background_3_Block_06.png",
						"exportFormat": "lossless",
						"exportQuality": 0.8,
						"fileType": "image/png",
						"imageSpriteId": 158,
						"useCollisionPoly": true,
						"duration": 1,
						"tag": ""
					},
					{
						"width": 366,
						"height": 230,
						"originX": 0.5,
						"originY": 1,
						"originalSource": "I:\\GAME DEVELOPMENT\\IN DEVELOPING\\083_Stack_Jump\\Textures\\Alignment\\Background_3_Block_07.png",
						"exportFormat": "lossless",
						"exportQuality": 0.8,
						"fileType": "image/png",
						"imageSpriteId": 159,
						"useCollisionPoly": true,
						"duration": 1,
						"tag": ""
					},
					{
						"width": 366,
						"height": 230,
						"originX": 0.5,
						"originY": 1,
						"originalSource": "I:\\GAME DEVELOPMENT\\IN DEVELOPING\\083_Stack_Jump\\Textures\\Alignment\\Background_3_Block_08.png",
						"exportFormat": "lossless",
						"exportQuality": 0.8,
						"fileType": "image/png",
						"imageSpriteId": 160,
						"useCollisionPoly": true,
						"duration": 1,
						"tag": ""
					},
					{
						"width": 366,
						"height": 230,
						"originX": 0.5,
						"originY": 1,
						"originalSource": "I:\\GAME DEVELOPMENT\\IN DEVELOPING\\083_Stack_Jump\\Textures\\Alignment\\Background_3_Block_09.png",
						"exportFormat": "lossless",
						"exportQuality": 0.8,
						"fileType": "image/png",
						"imageSpriteId": 161,
						"useCollisionPoly": true,
						"duration": 1,
						"tag": ""
					},
					{
						"width": 366,
						"height": 230,
						"originX": 0.5,
						"originY": 1,
						"originalSource": "I:\\GAME DEVELOPMENT\\IN DEVELOPING\\083_Stack_Jump\\Textures\\Alignment\\Background_3_Block_10.png",
						"exportFormat": "lossless",
						"exportQuality": 0.8,
						"fileType": "image/png",
						"imageSpriteId": 162,
						"useCollisionPoly": true,
						"duration": 1,
						"tag": ""
					},
					{
						"width": 366,
						"height": 230,
						"originX": 0.5,
						"originY": 1,
						"originalSource": "I:\\GAME DEVELOPMENT\\IN DEVELOPING\\083_Stack_Jump\\Textures\\Alignment\\Background_3_Block_11.png",
						"exportFormat": "lossless",
						"exportQuality": 0.8,
						"fileType": "image/png",
						"imageSpriteId": 163,
						"useCollisionPoly": true,
						"duration": 1,
						"tag": ""
					}
				],
				"sid": 348642092308833,
				"name": "Level_3",
				"isLooping": false,
				"isPingPong": false,
				"repeatCount": 1,
				"repeatTo": 0,
				"speed": 0
			},
			{
				"frames": [
					{
						"width": 376,
						"height": 234,
						"originX": 0.5,
						"originY": 1,
						"originalSource": "I:\\GAME DEVELOPMENT\\IN DEVELOPING\\083_Stack_Jump\\Textures\\Alignment\\Background_4_Block_01.png",
						"exportFormat": "lossless",
						"exportQuality": 0.8,
						"fileType": "image/png",
						"imageSpriteId": 164,
						"useCollisionPoly": true,
						"duration": 1,
						"tag": ""
					},
					{
						"width": 376,
						"height": 234,
						"originX": 0.5,
						"originY": 1,
						"originalSource": "I:\\GAME DEVELOPMENT\\IN DEVELOPING\\083_Stack_Jump\\Textures\\Alignment\\Background_4_Block_02.png",
						"exportFormat": "lossless",
						"exportQuality": 0.8,
						"fileType": "image/png",
						"imageSpriteId": 165,
						"useCollisionPoly": true,
						"duration": 1,
						"tag": ""
					},
					{
						"width": 376,
						"height": 234,
						"originX": 0.5,
						"originY": 1,
						"originalSource": "I:\\GAME DEVELOPMENT\\IN DEVELOPING\\083_Stack_Jump\\Textures\\Alignment\\Background_4_Block_03.png",
						"exportFormat": "lossless",
						"exportQuality": 0.8,
						"fileType": "image/png",
						"imageSpriteId": 166,
						"useCollisionPoly": true,
						"duration": 1,
						"tag": ""
					},
					{
						"width": 376,
						"height": 234,
						"originX": 0.5,
						"originY": 1,
						"originalSource": "I:\\GAME DEVELOPMENT\\IN DEVELOPING\\083_Stack_Jump\\Textures\\Alignment\\Background_4_Block_04.png",
						"exportFormat": "lossless",
						"exportQuality": 0.8,
						"fileType": "image/png",
						"imageSpriteId": 167,
						"useCollisionPoly": true,
						"duration": 1,
						"tag": ""
					},
					{
						"width": 376,
						"height": 234,
						"originX": 0.5,
						"originY": 1,
						"originalSource": "I:\\GAME DEVELOPMENT\\IN DEVELOPING\\083_Stack_Jump\\Textures\\Alignment\\Background_4_Block_05.png",
						"exportFormat": "lossless",
						"exportQuality": 0.8,
						"fileType": "image/png",
						"imageSpriteId": 168,
						"useCollisionPoly": true,
						"duration": 1,
						"tag": ""
					},
					{
						"width": 376,
						"height": 234,
						"originX": 0.5,
						"originY": 1,
						"originalSource": "I:\\GAME DEVELOPMENT\\IN DEVELOPING\\083_Stack_Jump\\Textures\\Alignment\\Background_4_Block_06.png",
						"exportFormat": "lossless",
						"exportQuality": 0.8,
						"fileType": "image/png",
						"imageSpriteId": 169,
						"useCollisionPoly": true,
						"duration": 1,
						"tag": ""
					},
					{
						"width": 376,
						"height": 234,
						"originX": 0.5,
						"originY": 1,
						"originalSource": "I:\\GAME DEVELOPMENT\\IN DEVELOPING\\083_Stack_Jump\\Textures\\Alignment\\Background_4_Block_07.png",
						"exportFormat": "lossless",
						"exportQuality": 0.8,
						"fileType": "image/png",
						"imageSpriteId": 170,
						"useCollisionPoly": true,
						"duration": 1,
						"tag": ""
					},
					{
						"width": 376,
						"height": 234,
						"originX": 0.5,
						"originY": 1,
						"originalSource": "I:\\GAME DEVELOPMENT\\IN DEVELOPING\\083_Stack_Jump\\Textures\\Alignment\\Background_4_Block_08.png",
						"exportFormat": "lossless",
						"exportQuality": 0.8,
						"fileType": "image/png",
						"imageSpriteId": 171,
						"useCollisionPoly": true,
						"duration": 1,
						"tag": ""
					},
					{
						"width": 376,
						"height": 234,
						"originX": 0.5,
						"originY": 1,
						"originalSource": "I:\\GAME DEVELOPMENT\\IN DEVELOPING\\083_Stack_Jump\\Textures\\Alignment\\Background_4_Block_09.png",
						"exportFormat": "lossless",
						"exportQuality": 0.8,
						"fileType": "image/png",
						"imageSpriteId": 172,
						"useCollisionPoly": true,
						"duration": 1,
						"tag": ""
					},
					{
						"width": 376,
						"height": 234,
						"originX": 0.5,
						"originY": 1,
						"originalSource": "I:\\GAME DEVELOPMENT\\IN DEVELOPING\\083_Stack_Jump\\Textures\\Alignment\\Background_4_Block_10.png",
						"exportFormat": "lossless",
						"exportQuality": 0.8,
						"fileType": "image/png",
						"imageSpriteId": 173,
						"useCollisionPoly": true,
						"duration": 1,
						"tag": ""
					},
					{
						"width": 376,
						"height": 234,
						"originX": 0.5,
						"originY": 1,
						"originalSource": "I:\\GAME DEVELOPMENT\\IN DEVELOPING\\083_Stack_Jump\\Textures\\Alignment\\Background_4_Block_11.png",
						"exportFormat": "lossless",
						"exportQuality": 0.8,
						"fileType": "image/png",
						"imageSpriteId": 174,
						"useCollisionPoly": true,
						"duration": 1,
						"tag": ""
					}
				],
				"sid": 897549911332604,
				"name": "Level_4",
				"isLooping": false,
				"isPingPong": false,
				"repeatCount": 1,
				"repeatTo": 0,
				"speed": 0
			},
			{
				"frames": [
					{
						"width": 494,
						"height": 234,
						"originX": 0.5,
						"originY": 1,
						"originalSource": "I:\\GAME DEVELOPMENT\\IN DEVELOPING\\083_Stack_Jump\\Textures\\Alignment\\Background_5_Block_01.png",
						"exportFormat": "lossless",
						"exportQuality": 0.8,
						"fileType": "image/png",
						"imageSpriteId": 175,
						"useCollisionPoly": true,
						"duration": 1,
						"tag": ""
					},
					{
						"width": 494,
						"height": 234,
						"originX": 0.5,
						"originY": 1,
						"originalSource": "I:\\GAME DEVELOPMENT\\IN DEVELOPING\\083_Stack_Jump\\Textures\\Alignment\\Background_5_Block_02.png",
						"exportFormat": "lossless",
						"exportQuality": 0.8,
						"fileType": "image/png",
						"imageSpriteId": 176,
						"useCollisionPoly": true,
						"duration": 1,
						"tag": ""
					},
					{
						"width": 494,
						"height": 234,
						"originX": 0.5,
						"originY": 1,
						"originalSource": "I:\\GAME DEVELOPMENT\\IN DEVELOPING\\083_Stack_Jump\\Textures\\Alignment\\Background_5_Block_03.png",
						"exportFormat": "lossless",
						"exportQuality": 0.8,
						"fileType": "image/png",
						"imageSpriteId": 177,
						"useCollisionPoly": true,
						"duration": 1,
						"tag": ""
					},
					{
						"width": 494,
						"height": 234,
						"originX": 0.5,
						"originY": 1,
						"originalSource": "I:\\GAME DEVELOPMENT\\IN DEVELOPING\\083_Stack_Jump\\Textures\\Alignment\\Background_5_Block_04.png",
						"exportFormat": "lossless",
						"exportQuality": 0.8,
						"fileType": "image/png",
						"imageSpriteId": 178,
						"useCollisionPoly": true,
						"duration": 1,
						"tag": ""
					},
					{
						"width": 494,
						"height": 234,
						"originX": 0.5,
						"originY": 1,
						"originalSource": "I:\\GAME DEVELOPMENT\\IN DEVELOPING\\083_Stack_Jump\\Textures\\Alignment\\Background_5_Block_05.png",
						"exportFormat": "lossless",
						"exportQuality": 0.8,
						"fileType": "image/png",
						"imageSpriteId": 179,
						"useCollisionPoly": true,
						"duration": 1,
						"tag": ""
					},
					{
						"width": 494,
						"height": 234,
						"originX": 0.5,
						"originY": 1,
						"originalSource": "I:\\GAME DEVELOPMENT\\IN DEVELOPING\\083_Stack_Jump\\Textures\\Alignment\\Background_5_Block_06.png",
						"exportFormat": "lossless",
						"exportQuality": 0.8,
						"fileType": "image/png",
						"imageSpriteId": 180,
						"useCollisionPoly": true,
						"duration": 1,
						"tag": ""
					},
					{
						"width": 494,
						"height": 234,
						"originX": 0.5,
						"originY": 1,
						"originalSource": "I:\\GAME DEVELOPMENT\\IN DEVELOPING\\083_Stack_Jump\\Textures\\Alignment\\Background_5_Block_07.png",
						"exportFormat": "lossless",
						"exportQuality": 0.8,
						"fileType": "image/png",
						"imageSpriteId": 181,
						"useCollisionPoly": true,
						"duration": 1,
						"tag": ""
					},
					{
						"width": 494,
						"height": 234,
						"originX": 0.5,
						"originY": 1,
						"originalSource": "I:\\GAME DEVELOPMENT\\IN DEVELOPING\\083_Stack_Jump\\Textures\\Alignment\\Background_5_Block_08.png",
						"exportFormat": "lossless",
						"exportQuality": 0.8,
						"fileType": "image/png",
						"imageSpriteId": 182,
						"useCollisionPoly": true,
						"duration": 1,
						"tag": ""
					},
					{
						"width": 494,
						"height": 234,
						"originX": 0.5,
						"originY": 1,
						"originalSource": "I:\\GAME DEVELOPMENT\\IN DEVELOPING\\083_Stack_Jump\\Textures\\Alignment\\Background_5_Block_09.png",
						"exportFormat": "lossless",
						"exportQuality": 0.8,
						"fileType": "image/png",
						"imageSpriteId": 183,
						"useCollisionPoly": true,
						"duration": 1,
						"tag": ""
					},
					{
						"width": 494,
						"height": 234,
						"originX": 0.5,
						"originY": 1,
						"originalSource": "I:\\GAME DEVELOPMENT\\IN DEVELOPING\\083_Stack_Jump\\Textures\\Alignment\\Background_5_Block_10.png",
						"exportFormat": "lossless",
						"exportQuality": 0.8,
						"fileType": "image/png",
						"imageSpriteId": 184,
						"useCollisionPoly": true,
						"duration": 1,
						"tag": ""
					},
					{
						"width": 494,
						"height": 234,
						"originX": 0.5,
						"originY": 1,
						"originalSource": "I:\\GAME DEVELOPMENT\\IN DEVELOPING\\083_Stack_Jump\\Textures\\Alignment\\Background_5_Block_11.png",
						"exportFormat": "lossless",
						"exportQuality": 0.8,
						"fileType": "image/png",
						"imageSpriteId": 185,
						"useCollisionPoly": true,
						"duration": 1,
						"tag": ""
					}
				],
				"sid": 277579003487252,
				"name": "Level_5",
				"isLooping": false,
				"isPingPong": false,
				"repeatCount": 1,
				"repeatTo": 0,
				"speed": 0
			},
			{
				"frames": [
					{
						"width": 370,
						"height": 234,
						"originX": 0.5,
						"originY": 1,
						"originalSource": "I:\\GAME DEVELOPMENT\\IN DEVELOPING\\083_Stack_Jump\\Textures\\Alignment\\Background_6_Block_01.png",
						"exportFormat": "lossless",
						"exportQuality": 0.8,
						"fileType": "image/png",
						"imageSpriteId": 186,
						"useCollisionPoly": true,
						"duration": 1,
						"tag": ""
					},
					{
						"width": 370,
						"height": 234,
						"originX": 0.5,
						"originY": 1,
						"originalSource": "I:\\GAME DEVELOPMENT\\IN DEVELOPING\\083_Stack_Jump\\Textures\\Alignment\\Background_6_Block_02.png",
						"exportFormat": "lossless",
						"exportQuality": 0.8,
						"fileType": "image/png",
						"imageSpriteId": 187,
						"useCollisionPoly": true,
						"duration": 1,
						"tag": ""
					},
					{
						"width": 370,
						"height": 234,
						"originX": 0.5,
						"originY": 1,
						"originalSource": "I:\\GAME DEVELOPMENT\\IN DEVELOPING\\083_Stack_Jump\\Textures\\Alignment\\Background_6_Block_03.png",
						"exportFormat": "lossless",
						"exportQuality": 0.8,
						"fileType": "image/png",
						"imageSpriteId": 188,
						"useCollisionPoly": true,
						"duration": 1,
						"tag": ""
					},
					{
						"width": 370,
						"height": 234,
						"originX": 0.5,
						"originY": 1,
						"originalSource": "I:\\GAME DEVELOPMENT\\IN DEVELOPING\\083_Stack_Jump\\Textures\\Alignment\\Background_6_Block_04.png",
						"exportFormat": "lossless",
						"exportQuality": 0.8,
						"fileType": "image/png",
						"imageSpriteId": 189,
						"useCollisionPoly": true,
						"duration": 1,
						"tag": ""
					},
					{
						"width": 370,
						"height": 234,
						"originX": 0.5,
						"originY": 1,
						"originalSource": "I:\\GAME DEVELOPMENT\\IN DEVELOPING\\083_Stack_Jump\\Textures\\Alignment\\Background_6_Block_05.png",
						"exportFormat": "lossless",
						"exportQuality": 0.8,
						"fileType": "image/png",
						"imageSpriteId": 190,
						"useCollisionPoly": true,
						"duration": 1,
						"tag": ""
					},
					{
						"width": 370,
						"height": 234,
						"originX": 0.5,
						"originY": 1,
						"originalSource": "I:\\GAME DEVELOPMENT\\IN DEVELOPING\\083_Stack_Jump\\Textures\\Alignment\\Background_6_Block_06.png",
						"exportFormat": "lossless",
						"exportQuality": 0.8,
						"fileType": "image/png",
						"imageSpriteId": 191,
						"useCollisionPoly": true,
						"duration": 1,
						"tag": ""
					},
					{
						"width": 370,
						"height": 234,
						"originX": 0.5,
						"originY": 1,
						"originalSource": "I:\\GAME DEVELOPMENT\\IN DEVELOPING\\083_Stack_Jump\\Textures\\Alignment\\Background_6_Block_07.png",
						"exportFormat": "lossless",
						"exportQuality": 0.8,
						"fileType": "image/png",
						"imageSpriteId": 192,
						"useCollisionPoly": true,
						"duration": 1,
						"tag": ""
					},
					{
						"width": 370,
						"height": 234,
						"originX": 0.5,
						"originY": 1,
						"originalSource": "I:\\GAME DEVELOPMENT\\IN DEVELOPING\\083_Stack_Jump\\Textures\\Alignment\\Background_6_Block_08.png",
						"exportFormat": "lossless",
						"exportQuality": 0.8,
						"fileType": "image/png",
						"imageSpriteId": 193,
						"useCollisionPoly": true,
						"duration": 1,
						"tag": ""
					},
					{
						"width": 370,
						"height": 234,
						"originX": 0.5,
						"originY": 1,
						"originalSource": "I:\\GAME DEVELOPMENT\\IN DEVELOPING\\083_Stack_Jump\\Textures\\Alignment\\Background_6_Block_09.png",
						"exportFormat": "lossless",
						"exportQuality": 0.8,
						"fileType": "image/png",
						"imageSpriteId": 194,
						"useCollisionPoly": true,
						"duration": 1,
						"tag": ""
					},
					{
						"width": 370,
						"height": 234,
						"originX": 0.5,
						"originY": 1,
						"originalSource": "I:\\GAME DEVELOPMENT\\IN DEVELOPING\\083_Stack_Jump\\Textures\\Alignment\\Background_6_Block_10.png",
						"exportFormat": "lossless",
						"exportQuality": 0.8,
						"fileType": "image/png",
						"imageSpriteId": 195,
						"useCollisionPoly": true,
						"duration": 1,
						"tag": ""
					},
					{
						"width": 370,
						"height": 234,
						"originX": 0.5,
						"originY": 1,
						"originalSource": "I:\\GAME DEVELOPMENT\\IN DEVELOPING\\083_Stack_Jump\\Textures\\Alignment\\Background_6_Block_11.png",
						"exportFormat": "lossless",
						"exportQuality": 0.8,
						"fileType": "image/png",
						"imageSpriteId": 196,
						"useCollisionPoly": true,
						"duration": 1,
						"tag": ""
					}
				],
				"sid": 283918401032352,
				"name": "Level_6",
				"isLooping": false,
				"isPingPong": false,
				"repeatCount": 1,
				"repeatTo": 0,
				"speed": 0
			}
		],
		"subfolders": []
	}
}