{
	"name": "Player_Effects",
	"plugin-id": "Sprite",
	"sid": 779037747161519,
	"isGlobal": false,
	"instanceVariables": [],
	"behaviorTypes": [],
	"effectTypes": [],
	"animations": {
		"items": [
			{
				"frames": [
					{
						"width": 560,
						"height": 310,
						"originX": 0.5,
						"originY": 0.5,
						"originalSource": "I:\\GAME DEVELOPMENT\\IN DEVELOPING\\083_Stack_Jump\\Textures\\Background_1_Player_Effect_0.png",
						"exportFormat": "lossless",
						"exportQuality": 0.8,
						"fileType": "image/png",
						"imageSpriteId": 43,
						"useCollisionPoly": true,
						"duration": 1,
						"tag": ""
					},
					{
						"width": 560,
						"height": 310,
						"originX": 0.5,
						"originY": 0.5,
						"originalSource": "I:\\GAME DEVELOPMENT\\IN DEVELOPING\\083_Stack_Jump\\Textures\\Background_1_Player_Effect_1.png",
						"exportFormat": "lossless",
						"exportQuality": 0.8,
						"fileType": "image/png",
						"imageSpriteId": 44,
						"useCollisionPoly": true,
						"duration": 1,
						"tag": ""
					},
					{
						"width": 560,
						"height": 310,
						"originX": 0.5,
						"originY": 0.5,
						"originalSource": "I:\\GAME DEVELOPMENT\\IN DEVELOPING\\083_Stack_Jump\\Textures\\Background_1_Player_Effect_2.png",
						"exportFormat": "lossless",
						"exportQuality": 0.8,
						"fileType": "image/png",
						"imageSpriteId": 45,
						"useCollisionPoly": true,
						"duration": 1,
						"tag": ""
					},
					{
						"width": 560,
						"height": 310,
						"originX": 0.5,
						"originY": 0.5,
						"originalSource": "I:\\GAME DEVELOPMENT\\IN DEVELOPING\\083_Stack_Jump\\Textures\\Background_1_Player_Effect_3.png",
						"exportFormat": "lossless",
						"exportQuality": 0.8,
						"fileType": "image/png",
						"imageSpriteId": 46,
						"useCollisionPoly": true,
						"duration": 1,
						"tag": ""
					},
					{
						"width": 560,
						"height": 310,
						"originX": 0.5,
						"originY": 0.5,
						"originalSource": "I:\\GAME DEVELOPMENT\\IN DEVELOPING\\083_Stack_Jump\\Textures\\Background_1_Player_Effect_4.png",
						"exportFormat": "lossless",
						"exportQuality": 0.8,
						"fileType": "image/png",
						"imageSpriteId": 47,
						"useCollisionPoly": true,
						"duration": 1,
						"tag": ""
					},
					{
						"width": 560,
						"height": 310,
						"originX": 0.5,
						"originY": 0.5,
						"originalSource": "I:\\GAME DEVELOPMENT\\IN DEVELOPING\\083_Stack_Jump\\Textures\\Background_1_Player_Effect_5.png",
						"exportFormat": "lossless",
						"exportQuality": 0.8,
						"fileType": "image/png",
						"imageSpriteId": 48,
						"useCollisionPoly": true,
						"duration": 1,
						"tag": ""
					}
				],
				"sid": 144639243703508,
				"name": "Level_1",
				"isLooping": false,
				"isPingPong": false,
				"repeatCount": 1,
				"repeatTo": 0,
				"speed": 24
			},
			{
				"frames": [
					{
						"width": 706,
						"height": 332,
						"originX": 0.467422,
						"originY": 0.421687,
						"originalSource": "I:\\GAME DEVELOPMENT\\IN DEVELOPING\\083_Stack_Jump\\Textures\\Background_2_Player_Effect_0.png",
						"exportFormat": "lossless",
						"exportQuality": 0.8,
						"fileType": "image/png",
						"imageSpriteId": 49,
						"useCollisionPoly": true,
						"duration": 1,
						"tag": ""
					},
					{
						"width": 706,
						"height": 332,
						"originX": 0.467422,
						"originY": 0.421687,
						"originalSource": "I:\\GAME DEVELOPMENT\\IN DEVELOPING\\083_Stack_Jump\\Textures\\Background_2_Player_Effect_1.png",
						"exportFormat": "lossless",
						"exportQuality": 0.8,
						"fileType": "image/png",
						"imageSpriteId": 50,
						"useCollisionPoly": true,
						"duration": 1,
						"tag": ""
					},
					{
						"width": 706,
						"height": 332,
						"originX": 0.467422,
						"originY": 0.421687,
						"originalSource": "I:\\GAME DEVELOPMENT\\IN DEVELOPING\\083_Stack_Jump\\Textures\\Background_2_Player_Effect_2.png",
						"exportFormat": "lossless",
						"exportQuality": 0.8,
						"fileType": "image/png",
						"imageSpriteId": 51,
						"useCollisionPoly": true,
						"duration": 1,
						"tag": ""
					},
					{
						"width": 706,
						"height": 332,
						"originX": 0.467422,
						"originY": 0.421687,
						"originalSource": "I:\\GAME DEVELOPMENT\\IN DEVELOPING\\083_Stack_Jump\\Textures\\Background_2_Player_Effect_3.png",
						"exportFormat": "lossless",
						"exportQuality": 0.8,
						"fileType": "image/png",
						"imageSpriteId": 52,
						"useCollisionPoly": true,
						"duration": 1,
						"tag": ""
					},
					{
						"width": 706,
						"height": 332,
						"originX": 0.467422,
						"originY": 0.421687,
						"originalSource": "I:\\GAME DEVELOPMENT\\IN DEVELOPING\\083_Stack_Jump\\Textures\\Background_2_Player_Effect_4.png",
						"exportFormat": "lossless",
						"exportQuality": 0.8,
						"fileType": "image/png",
						"imageSpriteId": 53,
						"useCollisionPoly": true,
						"duration": 1,
						"tag": ""
					},
					{
						"width": 706,
						"height": 332,
						"originX": 0.467422,
						"originY": 0.421687,
						"originalSource": "I:\\GAME DEVELOPMENT\\IN DEVELOPING\\083_Stack_Jump\\Textures\\Background_2_Player_Effect_5.png",
						"exportFormat": "lossless",
						"exportQuality": 0.8,
						"fileType": "image/png",
						"imageSpriteId": 54,
						"useCollisionPoly": true,
						"duration": 1,
						"tag": ""
					}
				],
				"sid": 752646119850449,
				"name": "Level_2",
				"isLooping": false,
				"isPingPong": false,
				"repeatCount": 1,
				"repeatTo": 0,
				"speed": 18
			},
			{
				"frames": [
					{
						"width": 490,
						"height": 218,
						"originX": 0.5,
						"originY": 0.5,
						"originalSource": "I:\\GAME DEVELOPMENT\\IN DEVELOPING\\083_Stack_Jump\\Textures\\Background_3_Player_Effect_0.png",
						"exportFormat": "lossless",
						"exportQuality": 0.8,
						"fileType": "image/png",
						"imageSpriteId": 55,
						"useCollisionPoly": true,
						"duration": 1,
						"tag": ""
					},
					{
						"width": 490,
						"height": 218,
						"originX": 0.5,
						"originY": 0.5,
						"originalSource": "I:\\GAME DEVELOPMENT\\IN DEVELOPING\\083_Stack_Jump\\Textures\\Background_3_Player_Effect_1.png",
						"exportFormat": "lossless",
						"exportQuality": 0.8,
						"fileType": "image/png",
						"imageSpriteId": 56,
						"useCollisionPoly": true,
						"duration": 1,
						"tag": ""
					},
					{
						"width": 490,
						"height": 218,
						"originX": 0.5,
						"originY": 0.5,
						"originalSource": "I:\\GAME DEVELOPMENT\\IN DEVELOPING\\083_Stack_Jump\\Textures\\Background_3_Player_Effect_2.png",
						"exportFormat": "lossless",
						"exportQuality": 0.8,
						"fileType": "image/png",
						"imageSpriteId": 57,
						"useCollisionPoly": true,
						"duration": 1,
						"tag": ""
					},
					{
						"width": 490,
						"height": 218,
						"originX": 0.5,
						"originY": 0.5,
						"originalSource": "I:\\GAME DEVELOPMENT\\IN DEVELOPING\\083_Stack_Jump\\Textures\\Background_3_Player_Effect_3.png",
						"exportFormat": "lossless",
						"exportQuality": 0.8,
						"fileType": "image/png",
						"imageSpriteId": 58,
						"useCollisionPoly": true,
						"duration": 1,
						"tag": ""
					},
					{
						"width": 490,
						"height": 218,
						"originX": 0.5,
						"originY": 0.5,
						"originalSource": "I:\\GAME DEVELOPMENT\\IN DEVELOPING\\083_Stack_Jump\\Textures\\Background_3_Player_Effect_4.png",
						"exportFormat": "lossless",
						"exportQuality": 0.8,
						"fileType": "image/png",
						"imageSpriteId": 59,
						"useCollisionPoly": true,
						"duration": 1,
						"tag": ""
					},
					{
						"width": 490,
						"height": 218,
						"originX": 0.5,
						"originY": 0.5,
						"originalSource": "I:\\GAME DEVELOPMENT\\IN DEVELOPING\\083_Stack_Jump\\Textures\\Background_3_Player_Effect_5.png",
						"exportFormat": "lossless",
						"exportQuality": 0.8,
						"fileType": "image/png",
						"imageSpriteId": 60,
						"useCollisionPoly": true,
						"duration": 1,
						"tag": ""
					}
				],
				"sid": 668705033635597,
				"name": "Level_3",
				"isLooping": false,
				"isPingPong": false,
				"repeatCount": 1,
				"repeatTo": 0,
				"speed": 24
			},
			{
				"frames": [
					{
						"width": 494,
						"height": 226,
						"originX": 0.5,
						"originY": 0.5,
						"originalSource": "I:\\GAME DEVELOPMENT\\IN DEVELOPING\\083_Stack_Jump\\Textures\\Background_4_Player_Effect_0.png",
						"exportFormat": "lossless",
						"exportQuality": 0.8,
						"fileType": "image/png",
						"imageSpriteId": 61,
						"useCollisionPoly": true,
						"duration": 1,
						"tag": ""
					},
					{
						"width": 494,
						"height": 226,
						"originX": 0.5,
						"originY": 0.5,
						"originalSource": "I:\\GAME DEVELOPMENT\\IN DEVELOPING\\083_Stack_Jump\\Textures\\Background_4_Player_Effect_1.png",
						"exportFormat": "lossless",
						"exportQuality": 0.8,
						"fileType": "image/png",
						"imageSpriteId": 62,
						"useCollisionPoly": true,
						"duration": 1,
						"tag": ""
					},
					{
						"width": 494,
						"height": 226,
						"originX": 0.5,
						"originY": 0.5,
						"originalSource": "I:\\GAME DEVELOPMENT\\IN DEVELOPING\\083_Stack_Jump\\Textures\\Background_4_Player_Effect_2.png",
						"exportFormat": "lossless",
						"exportQuality": 0.8,
						"fileType": "image/png",
						"imageSpriteId": 63,
						"useCollisionPoly": true,
						"duration": 1,
						"tag": ""
					},
					{
						"width": 494,
						"height": 226,
						"originX": 0.5,
						"originY": 0.5,
						"originalSource": "I:\\GAME DEVELOPMENT\\IN DEVELOPING\\083_Stack_Jump\\Textures\\Background_4_Player_Effect_3.png",
						"exportFormat": "lossless",
						"exportQuality": 0.8,
						"fileType": "image/png",
						"imageSpriteId": 64,
						"useCollisionPoly": true,
						"duration": 1,
						"tag": ""
					},
					{
						"width": 494,
						"height": 226,
						"originX": 0.5,
						"originY": 0.5,
						"originalSource": "I:\\GAME DEVELOPMENT\\IN DEVELOPING\\083_Stack_Jump\\Textures\\Background_4_Player_Effect_4.png",
						"exportFormat": "lossless",
						"exportQuality": 0.8,
						"fileType": "image/png",
						"imageSpriteId": 65,
						"useCollisionPoly": true,
						"duration": 1,
						"tag": ""
					},
					{
						"width": 494,
						"height": 226,
						"originX": 0.5,
						"originY": 0.5,
						"originalSource": "I:\\GAME DEVELOPMENT\\IN DEVELOPING\\083_Stack_Jump\\Textures\\Background_4_Player_Effect_5.png",
						"exportFormat": "lossless",
						"exportQuality": 0.8,
						"fileType": "image/png",
						"imageSpriteId": 66,
						"useCollisionPoly": true,
						"duration": 1,
						"tag": ""
					}
				],
				"sid": 268157566592266,
				"name": "Level_4",
				"isLooping": false,
				"isPingPong": false,
				"repeatCount": 1,
				"repeatTo": 0,
				"speed": 24
			},
			{
				"frames": [
					{
						"width": 502,
						"height": 234,
						"originX": 0.5,
						"originY": 0.5,
						"originalSource": "I:\\GAME DEVELOPMENT\\IN DEVELOPING\\083_Stack_Jump\\Textures\\Background_5_Player_Effect_0.png",
						"exportFormat": "lossless",
						"exportQuality": 0.8,
						"fileType": "image/png",
						"imageSpriteId": 67,
						"useCollisionPoly": true,
						"duration": 1,
						"tag": ""
					},
					{
						"width": 502,
						"height": 234,
						"originX": 0.5,
						"originY": 0.5,
						"originalSource": "I:\\GAME DEVELOPMENT\\IN DEVELOPING\\083_Stack_Jump\\Textures\\Background_5_Player_Effect_1.png",
						"exportFormat": "lossless",
						"exportQuality": 0.8,
						"fileType": "image/png",
						"imageSpriteId": 68,
						"useCollisionPoly": true,
						"duration": 1,
						"tag": ""
					},
					{
						"width": 502,
						"height": 234,
						"originX": 0.5,
						"originY": 0.5,
						"originalSource": "I:\\GAME DEVELOPMENT\\IN DEVELOPING\\083_Stack_Jump\\Textures\\Background_5_Player_Effect_2.png",
						"exportFormat": "lossless",
						"exportQuality": 0.8,
						"fileType": "image/png",
						"imageSpriteId": 69,
						"useCollisionPoly": true,
						"duration": 1,
						"tag": ""
					},
					{
						"width": 502,
						"height": 234,
						"originX": 0.5,
						"originY": 0.5,
						"originalSource": "I:\\GAME DEVELOPMENT\\IN DEVELOPING\\083_Stack_Jump\\Textures\\Background_5_Player_Effect_3.png",
						"exportFormat": "lossless",
						"exportQuality": 0.8,
						"fileType": "image/png",
						"imageSpriteId": 70,
						"useCollisionPoly": true,
						"duration": 1,
						"tag": ""
					},
					{
						"width": 502,
						"height": 234,
						"originX": 0.5,
						"originY": 0.5,
						"originalSource": "I:\\GAME DEVELOPMENT\\IN DEVELOPING\\083_Stack_Jump\\Textures\\Background_5_Player_Effect_4.png",
						"exportFormat": "lossless",
						"exportQuality": 0.8,
						"fileType": "image/png",
						"imageSpriteId": 71,
						"useCollisionPoly": true,
						"duration": 1,
						"tag": ""
					},
					{
						"width": 502,
						"height": 234,
						"originX": 0.5,
						"originY": 0.5,
						"originalSource": "I:\\GAME DEVELOPMENT\\IN DEVELOPING\\083_Stack_Jump\\Textures\\Background_5_Player_Effect_5.png",
						"exportFormat": "lossless",
						"exportQuality": 0.8,
						"fileType": "image/png",
						"imageSpriteId": 72,
						"useCollisionPoly": true,
						"duration": 1,
						"tag": ""
					}
				],
				"sid": 134074430637115,
				"name": "Level_5",
				"isLooping": false,
				"isPingPong": false,
				"repeatCount": 1,
				"repeatTo": 0,
				"speed": 24
			},
			{
				"frames": [
					{
						"width": 490,
						"height": 218,
						"originX": 0.5,
						"originY": 0.5,
						"originalSource": "I:\\GAME DEVELOPMENT\\IN DEVELOPING\\083_Stack_Jump\\Textures\\Background_6_Player_Effect_0.png",
						"exportFormat": "lossless",
						"exportQuality": 0.8,
						"fileType": "image/png",
						"imageSpriteId": 73,
						"useCollisionPoly": true,
						"duration": 1,
						"tag": ""
					},
					{
						"width": 490,
						"height": 218,
						"originX": 0.5,
						"originY": 0.5,
						"originalSource": "I:\\GAME DEVELOPMENT\\IN DEVELOPING\\083_Stack_Jump\\Textures\\Background_6_Player_Effect_1.png",
						"exportFormat": "lossless",
						"exportQuality": 0.8,
						"fileType": "image/png",
						"imageSpriteId": 74,
						"useCollisionPoly": true,
						"duration": 1,
						"tag": ""
					},
					{
						"width": 490,
						"height": 218,
						"originX": 0.5,
						"originY": 0.5,
						"originalSource": "I:\\GAME DEVELOPMENT\\IN DEVELOPING\\083_Stack_Jump\\Textures\\Background_6_Player_Effect_2.png",
						"exportFormat": "lossless",
						"exportQuality": 0.8,
						"fileType": "image/png",
						"imageSpriteId": 75,
						"useCollisionPoly": true,
						"duration": 1,
						"tag": ""
					},
					{
						"width": 490,
						"height": 218,
						"originX": 0.5,
						"originY": 0.5,
						"originalSource": "I:\\GAME DEVELOPMENT\\IN DEVELOPING\\083_Stack_Jump\\Textures\\Background_6_Player_Effect_3.png",
						"exportFormat": "lossless",
						"exportQuality": 0.8,
						"fileType": "image/png",
						"imageSpriteId": 76,
						"useCollisionPoly": true,
						"duration": 1,
						"tag": ""
					},
					{
						"width": 490,
						"height": 218,
						"originX": 0.5,
						"originY": 0.5,
						"originalSource": "I:\\GAME DEVELOPMENT\\IN DEVELOPING\\083_Stack_Jump\\Textures\\Background_6_Player_Effect_4.png",
						"exportFormat": "lossless",
						"exportQuality": 0.8,
						"fileType": "image/png",
						"imageSpriteId": 77,
						"useCollisionPoly": true,
						"duration": 1,
						"tag": ""
					},
					{
						"width": 490,
						"height": 218,
						"originX": 0.5,
						"originY": 0.5,
						"originalSource": "I:\\GAME DEVELOPMENT\\IN DEVELOPING\\083_Stack_Jump\\Textures\\Background_6_Player_Effect_5.png",
						"exportFormat": "lossless",
						"exportQuality": 0.8,
						"fileType": "image/png",
						"imageSpriteId": 78,
						"useCollisionPoly": true,
						"duration": 1,
						"tag": ""
					}
				],
				"sid": 198672393549545,
				"name": "Level_6",
				"isLooping": false,
				"isPingPong": false,
				"repeatCount": 1,
				"repeatTo": 0,
				"speed": 24
			}
		],
		"subfolders": []
	}
}