{
	"name": "Button_Music",
	"plugin-id": "Sprite",
	"sid": 9646628255266154,
	"isGlobal": false,
	"instanceVariables": [],
	"behaviorTypes": [],
	"effectTypes": [],
	"animations": {
		"items": [
			{
				"frames": [
					{
						"width": 110,
						"height": 128,
						"originX": 0.5,
						"originY": 0.5,
						"originalSource": "I:\\GAME DEVELOPMENT\\IN DEVELOPING\\083_Stack_Jump\\Textures\\Buttons\\Button_Music_Off.png",
						"exportFormat": "lossless",
						"exportQuality": 0.8,
						"fileType": "image/png",
						"imageSpriteId": 100,
						"useCollisionPoly": true,
						"duration": 1,
						"tag": ""
					},
					{
						"width": 110,
						"height": 128,
						"originX": 0.5,
						"originY": 0.5,
						"originalSource": "I:\\GAME DEVELOPMENT\\IN DEVELOPING\\083_Stack_Jump\\Textures\\Buttons\\Button_Music_On.png",
						"exportFormat": "lossless",
						"exportQuality": 0.8,
						"fileType": "image/png",
						"imageSpriteId": 101,
						"useCollisionPoly": true,
						"duration": 1,
						"tag": ""
					}
				],
				"sid": 9619042206571096,
				"name": "Music",
				"isLooping": false,
				"isPingPong": false,
				"repeatCount": 1,
				"repeatTo": 0,
				"speed": 0
			}
		],
		"subfolders": []
	}
}