{
	"name": "Button_Level",
	"plugin-id": "Sprite",
	"sid": 125955766772729,
	"isGlobal": false,
	"instanceVariables": [
		{
			"name": "Level",
			"type": "number",
			"desc": "",
			"show": true,
			"sid": 379591785052730
		},
		{
			"name": "Score",
			"type": "number",
			"desc": "",
			"show": true,
			"sid": 155118310302245
		}
	],
	"behaviorTypes": [],
	"effectTypes": [],
	"animations": {
		"items": [
			{
				"frames": [
					{
						"width": 380,
						"height": 380,
						"originX": 0.5,
						"originY": 0.5,
						"originalSource": "I:\\GAME DEVELOPMENT\\IN DEVELOPING\\083_Stack_Jump\\Textures\\Button_Level_1_On.png",
						"exportFormat": "lossless",
						"exportQuality": 0.8,
						"fileType": "image/png",
						"imageSpriteId": 110,
						"useCollisionPoly": true,
						"duration": 1,
						"tag": ""
					},
					{
						"width": 380,
						"height": 380,
						"originX": 0.5,
						"originY": 0.5,
						"originalSource": "I:\\GAME DEVELOPMENT\\IN DEVELOPING\\083_Stack_Jump\\Textures\\Button_Level_2_On.png",
						"exportFormat": "lossless",
						"exportQuality": 0.8,
						"fileType": "image/png",
						"imageSpriteId": 111,
						"useCollisionPoly": true,
						"duration": 1,
						"tag": ""
					},
					{
						"width": 380,
						"height": 380,
						"originX": 0.5,
						"originY": 0.5,
						"originalSource": "I:\\GAME DEVELOPMENT\\IN DEVELOPING\\083_Stack_Jump\\Textures\\Button_Level_3_On.png",
						"exportFormat": "lossless",
						"exportQuality": 0.8,
						"fileType": "image/png",
						"imageSpriteId": 112,
						"useCollisionPoly": true,
						"duration": 1,
						"tag": ""
					},
					{
						"width": 380,
						"height": 380,
						"originX": 0.5,
						"originY": 0.5,
						"originalSource": "I:\\GAME DEVELOPMENT\\IN DEVELOPING\\083_Stack_Jump\\Textures\\Button_Level_4_On.png",
						"exportFormat": "lossless",
						"exportQuality": 0.8,
						"fileType": "image/png",
						"imageSpriteId": 113,
						"useCollisionPoly": true,
						"duration": 1,
						"tag": ""
					},
					{
						"width": 380,
						"height": 380,
						"originX": 0.5,
						"originY": 0.5,
						"originalSource": "I:\\GAME DEVELOPMENT\\IN DEVELOPING\\083_Stack_Jump\\Textures\\Button_Level_5_On.png",
						"exportFormat": "lossless",
						"exportQuality": 0.8,
						"fileType": "image/png",
						"imageSpriteId": 114,
						"useCollisionPoly": true,
						"duration": 1,
						"tag": ""
					},
					{
						"width": 380,
						"height": 380,
						"originX": 0.5,
						"originY": 0.5,
						"originalSource": "I:\\GAME DEVELOPMENT\\IN DEVELOPING\\083_Stack_Jump\\Textures\\Button_Level_6_On.png",
						"exportFormat": "lossless",
						"exportQuality": 0.8,
						"fileType": "image/png",
						"imageSpriteId": 118,
						"useCollisionPoly": true,
						"duration": 1,
						"tag": ""
					}
				],
				"sid": 919843018848118,
				"name": "Open",
				"isLooping": false,
				"isPingPong": false,
				"repeatCount": 1,
				"repeatTo": 0,
				"speed": 0
			},
			{
				"frames": [
					{
						"width": 380,
						"height": 380,
						"originX": 0.5,
						"originY": 0.5,
						"originalSource": "I:\\GAME DEVELOPMENT\\IN DEVELOPING\\083_Stack_Jump\\Textures\\Button_Level_2_Off.png",
						"exportFormat": "lossless",
						"exportQuality": 0.8,
						"fileType": "image/png",
						"imageSpriteId": 119,
						"useCollisionPoly": true,
						"imagePoints": [
							{
								"name": "Font",
								"x": 0.621053,
								"y": 0.863158
							}
						],
						"duration": 1,
						"tag": ""
					},
					{
						"width": 380,
						"height": 380,
						"originX": 0.5,
						"originY": 0.5,
						"originalSource": "I:\\GAME DEVELOPMENT\\IN DEVELOPING\\083_Stack_Jump\\Textures\\Button_Level_3_Off.png",
						"exportFormat": "lossless",
						"exportQuality": 0.8,
						"fileType": "image/png",
						"imageSpriteId": 120,
						"useCollisionPoly": true,
						"imagePoints": [
							{
								"name": "Font",
								"x": 0.621053,
								"y": 0.863158
							}
						],
						"duration": 1,
						"tag": ""
					},
					{
						"width": 380,
						"height": 380,
						"originX": 0.5,
						"originY": 0.5,
						"originalSource": "I:\\GAME DEVELOPMENT\\IN DEVELOPING\\083_Stack_Jump\\Textures\\Button_Level_4_Off.png",
						"exportFormat": "lossless",
						"exportQuality": 0.8,
						"fileType": "image/png",
						"imageSpriteId": 121,
						"useCollisionPoly": true,
						"imagePoints": [
							{
								"name": "Font",
								"x": 0.621053,
								"y": 0.863158
							}
						],
						"duration": 1,
						"tag": ""
					},
					{
						"width": 380,
						"height": 380,
						"originX": 0.5,
						"originY": 0.5,
						"originalSource": "I:\\GAME DEVELOPMENT\\IN DEVELOPING\\083_Stack_Jump\\Textures\\Button_Level_5_Off.png",
						"exportFormat": "lossless",
						"exportQuality": 0.8,
						"fileType": "image/png",
						"imageSpriteId": 122,
						"useCollisionPoly": true,
						"imagePoints": [
							{
								"name": "Font",
								"x": 0.621053,
								"y": 0.863158
							}
						],
						"duration": 1,
						"tag": ""
					},
					{
						"width": 380,
						"height": 380,
						"originX": 0.5,
						"originY": 0.5,
						"originalSource": "I:\\GAME DEVELOPMENT\\IN DEVELOPING\\083_Stack_Jump\\Textures\\Button_Level_6_Off.png",
						"exportFormat": "lossless",
						"exportQuality": 0.8,
						"fileType": "image/png",
						"imageSpriteId": 123,
						"useCollisionPoly": true,
						"imagePoints": [
							{
								"name": "Font",
								"x": 0.621053,
								"y": 0.863158
							}
						],
						"duration": 1,
						"tag": ""
					}
				],
				"sid": 493020186379056,
				"name": "Closed",
				"isLooping": false,
				"isPingPong": false,
				"repeatCount": 1,
				"repeatTo": 0,
				"speed": 0
			}
		],
		"subfolders": []
	}
}