{"propertiesBar":{"properties":[{"name":"About","expanded":true,"children":[]},{"name":"Colors","expanded":true,"children":[]},{"name":"Startup","expanded":true,"children":[]},{"name":"Display","expanded":true,"children":[{"name":"Viewport size","expanded":false,"children":[]}]},{"name":"Advanced","expanded":true,"children":[]},{"name":"Compatibility settings","expanded":true,"children":[]},{"name":"Editor","expanded":true,"children":[]}],"scrollPosition":0},"openTabs":{"active":{"name":"Game_Event","type":"eventSheet"},"open":[{"name":"Loading","type":"layout"},{"name":"Loading_Event","type":"eventSheet"},{"name":"Menu","type":"layout"},{"name":"Menu_Event","type":"eventSheet"},{"name":"Game","type":"layout"},{"name":"Game_Event","type":"eventSheet"},{"name":"Global_Event","type":"eventSheet"},{"name":"main.js","type":"projectFile"}]},"previewEffects":true,"previewBrowser":"default","pauseOnUnfocus":false,"projectBar":{"name":"<root>","children":[{"name":"Stack Jump","expanded":true,"children":[{"name":"Layouts","expanded":true,"children":[{"name":"Loading","expanded":true,"children":[]},{"name":"Menu","expanded":true,"children":[]},{"name":"Game","expanded":true,"children":[]},{"name":"Game_Over","expanded":true,"children":[]},{"name":"Game_Complete","expanded":true,"children":[]},{"name":"Resources","expanded":true,"children":[]}]},{"name":"Event sheets","expanded":true,"children":[{"name":"Effects_Event","expanded":true,"children":[]},{"name":"Game_Complete_Event","expanded":true,"children":[]},{"name":"Game_Event","expanded":true,"children":[]},{"name":"Game_Over_Event","expanded":true,"children":[]},{"name":"Global_Event","expanded":true,"children":[]},{"name":"Loading_Event","expanded":true,"children":[]},{"name":"Menu_Event","expanded":true,"children":[]},{"name":"Shadow_Event","expanded":true,"children":[]}]},{"name":"Scripts","expanded":true,"children":[{"name":"main.js","expanded":true,"children":[]}]},{"name":"Object types","expanded":true,"children":[{"name":"Background","expanded":false,"children":[{"name":"Background_1_Moon","expanded":true,"children":[]},{"name":"Background_6_Moon","expanded":true,"children":[]},{"name":"Backgrounds","expanded":true,"children":[]},{"name":"Grounds","expanded":true,"children":[]},{"name":"Main_Background","expanded":true,"children":[]}]},{"name":"Buttons","expanded":false,"children":[{"name":"Button_Exit","expanded":true,"children":[]},{"name":"Button_Fullscreen","expanded":true,"children":[]},{"name":"Button_Level","expanded":true,"children":[]},{"name":"Button_Menu","expanded":true,"children":[]},{"name":"Button_Music","expanded":true,"children":[]},{"name":"Button_Play","expanded":true,"children":[]},{"name":"Button_Restart","expanded":true,"children":[]},{"name":"Button_Sound","expanded":true,"children":[]},{"name":"Button_Start","expanded":true,"children":[]}]},{"name":"Collisions","expanded":false,"children":[{"name":"Camera","expanded":true,"children":[]},{"name":"Collision_Block","expanded":true,"children":[]},{"name":"Collision_Player","expanded":true,"children":[]}]},{"name":"Effects","expanded":false,"children":[{"name":"Background_5_Bubble","expanded":true,"children":[]},{"name":"Background_5_Player_Bubble","expanded":true,"children":[]},{"name":"Background_Clouds","expanded":true,"children":[]},{"name":"Background_Stars","expanded":true,"children":[]},{"name":"Player_Effects","expanded":true,"children":[]}]},{"name":"Fonts","expanded":false,"children":[{"name":"Bonus_Font","expanded":true,"children":[]},{"name":"Game_Score_Font","expanded":true,"children":[]},{"name":"Level_Score_Font","expanded":true,"children":[]},{"name":"Loading_Font","expanded":true,"children":[]},{"name":"Orientation_Font","expanded":true,"children":[]},{"name":"Score_Font","expanded":true,"children":[]},{"name":"Top_Score_Font","expanded":true,"children":[]}]},{"name":"Gui","expanded":false,"children":[{"name":"Mouse","expanded":false,"children":[{"name":"Cursor","expanded":true,"children":[]},{"name":"Cursor_Pressed","expanded":true,"children":[]}]},{"name":"Sun_Rays","expanded":true,"children":[]},{"name":"Window_Top_Score","expanded":true,"children":[]}]},{"name":"Other","expanded":false,"children":[{"name":"Black_Screen","expanded":true,"children":[]},{"name":"Game_Icon","expanded":true,"children":[]},{"name":"Game_Logo","expanded":true,"children":[]}]},{"name":"Player","expanded":false,"children":[{"name":"Blocks","expanded":true,"children":[]},{"name":"Player","expanded":true,"children":[]},{"name":"Warning_Sign","expanded":true,"children":[]}]},{"name":"Plugins","expanded":false,"children":[{"name":"Audio","expanded":true,"children":[]},{"name":"Browser","expanded":true,"children":[]},{"name":"Keyboard","expanded":true,"children":[]},{"name":"LocalStorage","expanded":true,"children":[]},{"name":"Mouse","expanded":true,"children":[]},{"name":"Touch","expanded":true,"children":[]}]},{"name":"Texts","expanded":false,"children":[{"name":"Text_Game_Over","expanded":true,"children":[]},{"name":"Text_Levels","expanded":true,"children":[]},{"name":"Text_New_High_Score","expanded":true,"children":[]},{"name":"Text_Tap_To_Play","expanded":true,"children":[]},{"name":"Text_You_Score","expanded":true,"children":[]},{"name":"Text_You_Won","expanded":true,"children":[]}]}]},{"name":"Families","expanded":false,"children":[{"name":"Buttons","expanded":false,"children":[{"name":"Button_Exit","expanded":true,"children":[]},{"name":"Button_Fullscreen","expanded":true,"children":[]},{"name":"Button_Level","expanded":true,"children":[]},{"name":"Button_Menu","expanded":true,"children":[]},{"name":"Button_Music","expanded":true,"children":[]},{"name":"Button_Restart","expanded":true,"children":[]},{"name":"Button_Sound","expanded":true,"children":[]},{"name":"Button_Start","expanded":true,"children":[]}]},{"name":"Texts","expanded":false,"children":[{"name":"Text_Game_Over","expanded":true,"children":[]},{"name":"Text_Levels","expanded":true,"children":[]},{"name":"Text_New_High_Score","expanded":true,"children":[]},{"name":"Text_Tap_To_Play","expanded":true,"children":[]},{"name":"Text_You_Score","expanded":true,"children":[]},{"name":"Text_You_Won","expanded":true,"children":[]}]}]},{"name":"Timelines","expanded":false,"children":[{"name":"Eases","expanded":true,"children":[]}]},{"name":"Flowcharts","expanded":true,"children":[]},{"name":"Sounds","expanded":false,"children":[{"name":"bonus.webm","expanded":true,"children":[]},{"name":"button.webm","expanded":true,"children":[]},{"name":"closed.webm","expanded":true,"children":[]},{"name":"fall.webm","expanded":true,"children":[]},{"name":"game_music.webm","expanded":true,"children":[]},{"name":"game_over.webm","expanded":true,"children":[]},{"name":"game_won.webm","expanded":true,"children":[]},{"name":"jump.webm","expanded":true,"children":[]},{"name":"landing_1.webm","expanded":true,"children":[]},{"name":"landing_2.webm","expanded":true,"children":[]},{"name":"landing_3.webm","expanded":true,"children":[]},{"name":"level.webm","expanded":true,"children":[]},{"name":"new_high_score.webm","expanded":true,"children":[]},{"name":"tap_to_play.webm","expanded":true,"children":[]}]},{"name":"Music","expanded":true,"children":[]},{"name":"Videos","expanded":true,"children":[]},{"name":"Fonts","expanded":false,"children":[]},{"name":"Icons & screenshots","expanded":false,"children":[{"name":"icon-114.png","expanded":true,"children":[]},{"name":"icon-128.png","expanded":true,"children":[]},{"name":"icon-16.png","expanded":true,"children":[]},{"name":"icon-256.png","expanded":true,"children":[]},{"name":"icon-32.png","expanded":true,"children":[]},{"name":"loading-logo.png","expanded":true,"children":[]}]},{"name":"Files","expanded":true,"children":[]}]}]},"propertiesBarActiveObject":{"name":"Loading","type":"layout"}}